post_id,link_post,isi_post,akun,platform,likes,reply,shares,retweet_repost,views_play_count,quote,saves,engagement_score_v1,engagement_score_v2,engagement_score_v3_pai
1602123338172838,https://www.facebook.com/reel/1352748830305406/,Cobain tahu yang viral di Bandung🤤🤤,Atta Halilintar,facebook,0,0,0,0,0,0,0,0.0,0.0,2.24
1700084251473729,https://www.facebook.com/reel/2133351523934139/,Rafathar 🥊🥊🥊,Raffi Ahmad,facebook,0,0,0,0,0,0,0,0.0,0.0,-0.62
1702594291222725,https://www.facebook.com/RaffiAhmadLagi/posts/pfbid0Md1P7WqzWf9ZVfUe6obFWJd5sUBudctAtGqzsqFWiqFt4zfuLREwJTzN9vheeu9Kl,"Di Multazam, tak ada yang mampu kusembunyikan. Yang ada hanya air mata, penyesalan, dan harapan akan ampunan-Mu.  Ya Allah, ampunilah dosa-dosaku, dosa kedua orang tuaku, keluargaku, dan orang-orang yang kucintai. Bersihkan hati ini, lapangkan langka",Raffi Ahmad,facebook,0,0,0,0,0,0,0,0.0,0.0,2.91
1499723062194034,https://www.facebook.com/TempoMedia/posts/pfbid02rwwgPCbEHoHEhF8bktdjQ1on5cq6TDziy88Q1HAgCZefPmngEvGdg1RjgwVp5Mzgl,"Sidang Bea Cukai Ungkap Kode Suap untuk BIN, Polisi, hingga Jaksa",Tempo Media,facebook,0,0,0,0,0,0,0,0.0,0.0,6.85
1703395207809300,https://www.facebook.com/RaffiAhmadLagi/posts/pfbid0aczesCpDf4mQbkPi1kFPMMRQLUYXavuWW5NbYfbfnZzMKQHsHUNjmS9SY4fFoh2nl,"Selamat jalan, Pak Boneng. Semoga Allah SWT memberikan tempat terbaik di sisi-Nya. Al-Fatihah. 🤲",Raffi Ahmad,facebook,0,0,0,0,0,0,0,0.0,0.0,-1.05
1517712097061797,https://www.facebook.com/TempoMedia/posts/pfbid02V2rjETrxpjrgh4T27F8VePnS5EpgXLvZqtro5tn1KttAqghS8wpJpcHjtcnwoHqLl,Ribuan Guru Honorer Madrasah di Malang Berupah Rp 300 Ribu,Tempo Media,facebook,0,0,0,0,0,0,0,0.0,0.0,-1.05
1701036401378514,https://www.facebook.com/RaffiAhmadLagi/posts/pfbid06bBYkPA3VsEhYSDn4U4TBwfdYVzTLWQjs1rjFiMhFEyrzeaobVzDYBCbGyAK2Lypl,"Madinah, kota yang mengajarkan bahwa ketenangan bukan tentang tempat, melainkan tentang hati yang kembali kepada Allah. Semoga suatu hari langkah ini kembali menjejakmu, membawa doa-doa yang belum sempat terucap. 🤍",Raffi Ahmad,facebook,0,0,0,0,0,0,0,0.0,0.0,7.11
1604218278414082,https://www.facebook.com/reel/27679649628363154/,"PT Pertamina Patra Niaga kembali melakukan penyesuaian harga berkala Bahan Bakar Minyak (BBM) Nonsubsidi yang berlaku mulai 1 Agustus 2026.  VP Corporate Communication Pertamina Patra Niaga, Kitty Andhora, menyampaikan bahwa penyesuaian harga BBM Non",detikcom,facebook,0,0,0,0,0,0,0,0.0,0.0,3.45
1613903516994820,https://www.facebook.com/reel/1771285467209093/,Kaka & adek cipak cipuk main air di Korea..,Atta Halilintar,facebook,0,0,0,0,0,0,0,0.0,0.0,-2.11
1600538104998028,https://www.facebook.com/reel/2522592938253996/,Terimakasih ronaldo dan messi sudah menemani masa kecilku hingga dewasa ❤️ Persaingan terbaik sepanjang sejarah   #ronaldo #messi #goat #football #worldcup,Atta Halilintar,facebook,0,0,0,0,0,0,0,0.0,0.0,2.44
1694807342001420,https://www.facebook.com/RaffiAhmadLagi/posts/pfbid02a6jhhnYB9tLx87Gk9NwL3RsXwFrFt1ssvjvadkEjdeBUCKheN5iaAVYM4a7zfkx6l,Bro'mance ❤️,Raffi Ahmad,facebook,0,0,0,0,0,0,0,0.0,0.0,-2.09
1515886920577648,https://www.facebook.com/TempoMedia/posts/pfbid0kWgwXVFbJ1ZxDB91DwvzEwaeWrp6jqZEDC52Tr31i8adkHk7UUua6vyaRoFpD2dl,"Anggaran pendidikan bela negara bagi calon manajer koperasi desa merah putih dan kampung nelayan  merah putih mencapai  Rp 1,064 triliun.",Tempo Media,facebook,0,0,0,0,0,0,0,0.0,0.0,-2.1
1698880098260811,https://www.facebook.com/reel/1717476116174294/,Bismillah ❤️🙏,Raffi Ahmad,facebook,0,0,0,0,0,0,0,0.0,0.0,1.09
1697152041766950,https://www.facebook.com/RaffiAhmadLagi/posts/pfbid022utg3wRRvZkCrqjFyJseH8fM38LCcFhTiVF3Se1cNJ4gmvykLdHqzRjdccEntpWol,Ranaima ❤️,Raffi Ahmad,facebook,0,0,0,0,0,0,0,0.0,0.0,-8.61
1019405837384190,https://www.facebook.com/reel/4422696518041298/,"Lamine Yamal mencuri perhatian setelah Spanyol menang 1-0 atas Argentina pada final Piala Dunia 2026.   Seusai laga, ia menghampiri dan memeluk Lionel Messi sebagai bentuk penghormatan kepada sang megabintang.  #Okezone #podcastlockerroom_ #lamineyam",Okezone,facebook,0,0,0,0,0,0,0,0.0,0.0,-7.76
1601235928261579,https://www.facebook.com/reel/1778195116878630/,Terbang bersama istrii guyss❤️❤️😅,Atta Halilintar,facebook,0,0,0,0,0,0,0,0.0,0.0,-2.53
1699381934877294,https://www.facebook.com/RaffiAhmadLagi/posts/pfbid036vwqnv3d9pDSzEv9rX5wuqRNSkgJpemiecHyjRbF78EquKLgqRL2U2gg99mdBCYAl,Titip Ammoy dulu yaa Iis Dahlia Salshadilla Juwita Indradjaja 😁,Raffi Ahmad,facebook,0,0,0,0,0,0,0,0.0,0.0,-4.56
1698813854934102,https://www.facebook.com/RaffiAhmadLagi/posts/pfbid034o6sh6BCP6B6KAQGjgPL3BrCrLDS9fr2aF13SCFkErGLDGAScV98FgLAws7eqzrYl,Pagi-pagi berenang Ammoy ❤️,Raffi Ahmad,facebook,0,0,0,0,0,0,0,0.0,0.0,1.41
1613475267037645,https://www.facebook.com/reel/876174775289075/,Jalan-jalan …. naik modes,Atta Halilintar,facebook,0,0,0,0,0,0,0,0.0,0.0,-4.09
1594085995643239,https://www.facebook.com/reel/1054028513821914/,Part 2. Sifat Mama Nur dibacain dari kartu tarot sama Tomy Rafael😱,Atta Halilintar,facebook,0,0,0,0,0,0,0,0.0,0.0,-6.36
1696292488519572,https://www.facebook.com/reel/1018360207739221/,Temen nonton drakor 😂,Raffi Ahmad,facebook,0,0,0,0,0,0,0,0.0,0.0,6.6
1605611674941409,https://www.facebook.com/reel/28005274035750927/,"Rincian manifest muatan logistik dan penumpang KMP Mutiara Sentosa 2 yang mengalami musibah kebakaran di perairan utara Madura akhirnya terungkap. Berdasarkan keterangan resmi kepolisian, kapal Ro-Ro rute Surabaya-Makassar tersebut mengangkut ratusan",detikcom,facebook,0,0,0,0,0,0,0,0.0,0.0,-1.02
1017445970913510,https://www.facebook.com/reel/1350164137231078/,"Hotman Paris mengaku bersedia menjadi kuasa hukum mantan Jampidsus Febrie Adriansyah karena menilai rekam jejaknya baik dalam mengembalikan aset dan kerugian negara dari berbagai kasus korupsi.  Menurut Hotman, kinerja Febrie bahkan pernah mendapat a",Okezone,facebook,0,0,0,0,0,0,0,0.0,0.0,0.3
1598998158485356,https://www.facebook.com/reel/1502607237858199/,Potong rambut untuk final piala dunia. 😡😡😡😡,Atta Halilintar,facebook,0,0,0,0,0,0,0,0.0,0.0,-6.41
1687738842708270,https://www.facebook.com/RaffiAhmadLagi/posts/pfbid0YmQwEQKzjuhambv8PKQVfzDNDwS5oNW6VYEJYjiQLR1Q7zFsdRSA8VLejH7ioPSyl,"Cepat sembuh ya… dan cepat sadar kalau yang paling perhatian itu aku. 🤭  Ya Allah, Tuhan seluruh manusia, hilangkanlah penyakit ini. Berikanlah kesembuhan, karena Engkaulah Maha Penyembuh. Tidak ada kesembuhan selain kesembuhan dari-Mu, kesembuhan ya",Raffi Ahmad,facebook,0,0,0,0,0,0,0,0.0,0.0,-2.45
1479148180911118,https://www.facebook.com/kumparancom/posts/pfbid0mc1J21uuAk18m4x2BPHd4fTk3tuPvBa2x9AgDHT2Jm9SKDDL6n28tHBJFupgQ2bCl,"Kejaksaan Agung membenarkan beredarnya surat yang memerintahkan penghentian kegiatan pengumpulan data dan keterangan terkait pelaksanaan Program Makan Bergizi Gratis (MBG) di seluruh Indonesia.  Kapuspenkum Kejagung Anang Supriatna mengatakan, surat ",kumparan,facebook,0,0,0,0,0,0,0,0.0,0.0,0.5
1595976558787516,https://www.facebook.com/reel/1208868902312531/,Perancis dipulangkan spanyol!! Apakah spanyol akan meraih piala dunia keduanya guys??👏👏,Atta Halilintar,facebook,0,0,0,0,0,0,0,0.0,0.0,-5.18
1699268458221975,https://www.facebook.com/RaffiAhmadLagi/posts/pfbid02WbVxMGTJLHoxuzgAz5vsPPjQyshSHWVBc4LWzC4cSdokSZ4WLM4q1A28KFUZfp42l,Teteh ngaliwet 😂❤️,Raffi Ahmad,facebook,0,0,0,0,0,0,0,0.0,0.0,1.69
1608201050898400,https://www.facebook.com/reel/1806704897039774/,Azura bangunin papa,Atta Halilintar,facebook,0,0,0,0,0,0,0,0.0,0.0,-2.7
1607620547623117,https://www.facebook.com/reel/1055709056815091/,Day 1 Korea,Atta Halilintar,facebook,0,0,0,0,0,0,0,0.0,0.0,-1.31
1691426635672824,https://www.facebook.com/RaffiAhmadLagi/posts/pfbid0vy17g2rMR8h9aQy2mdSVvBYEdznERhUoREMHq7uctFpmcSZRrcQgaaQzF66ikEzTl,"Sidang Kabinet Paripurna dipimpin Presiden di Istana Negara, membahas agenda strategis pemerintahan dan penguatan koordinasi lintas kementerian/lembaga 🇮🇩",Raffi Ahmad,facebook,0,0,0,0,0,0,0,0.0,0.0,-2.71
1693559632126191,https://www.facebook.com/RaffiAhmadLagi/posts/pfbid02bnb7G9998W9NcMB94Qc5F6499b867oW7dsm2Zqm7BMdMr5gfum8Z4NPhzkojSLegl,"💕 Sehat selalu Anak""ku ❤️",Raffi Ahmad,facebook,0,0,0,0,0,0,0,0.0,0.0,8.34
1697940301688124,https://www.facebook.com/reel/1853563132684616/,Baru pulang langsung siap-siap ke acara lagi..,Raffi Ahmad,facebook,0,0,0,0,0,0,0,0.0,0.0,-0.06
1699058618242959,https://www.facebook.com/reel/1577904593914036/,🇸🇦❤️,Raffi Ahmad,facebook,0,0,0,0,0,0,0,0.0,0.0,-4.76
1509028971263443,https://www.facebook.com/reel/4069068536725047/,"Mantan Jaksa Agung Muda Bidang Tindak Pidana Khusus, Febrie Adriansyah, tiba di rumah tahanan Cabang Gedung Merah Putih KPK, Jakarta Selatan pada Jumat, 24 Juli 2026.  Pantauan Tempo, Febrie tiba di rutan KPK pukul 23.22 WIB dengan menggunakan mobil ",Tempo Media,facebook,0,0,0,0,0,0,0,0.0,0.0,3.7
1695864788562342,https://www.facebook.com/reel/1722520035740092/,"Bersama sahabat The Dudas-1 motoran di Natuna, menikmati keindahan Indonesia yang luar biasa. Setiap tikungan menyimpan cerita, setiap perjalanan menghadirkan kenangan. 🇮🇩🏍️🌊",Raffi Ahmad,facebook,0,0,0,0,0,0,0,0.0,0.0,-5.49
1606334584418380,https://www.facebook.com/reel/818251831277955/,Azura setoran hafalan sholawat masyaallah❤️🤲🏼,Atta Halilintar,facebook,0,0,0,0,0,0,0,0.0,0.0,0.94
1516179693881704,https://www.facebook.com/reel/1078035278244462/,Mahkamah Konstitusi memutus bahwa anggaran makan bergizi gratis harus dikeluarkan dari porsi dana pendidikan sebesar 20 persen dalam APBN paling lambat pada 2028.  #TUnderstand #ohgitutempo #tempodotco,Tempo Media,facebook,0,0,0,0,0,0,0,0.0,0.0,-8.82
1601390848246087,https://www.facebook.com/reel/1739068767282106/,❤️❤️❤️,Atta Halilintar,facebook,0,0,0,0,0,0,0,0.0,0.0,-5.98
1609976897387482,https://www.facebook.com/reel/27871865819146646/,Aku udah terbiasa dengan mood kamu kok sengg🫶🏻❤️,Atta Halilintar,facebook,0,0,0,0,0,0,0,0.0,0.0,0.89
1506671538165853,https://www.facebook.com/reel/1739170883786689/,Presiden Prabowo Subianto melantik Wakil Menteri Pertanian Sudaryono menjadi kepala Badan Gizi Nasional (BGN) pada 22 Juli 2026.  Sudaryono menggantikan Nanik Sudaryati Deyang yang mengundurkan diri pada hari yang sama.,Tempo Media,facebook,0,0,0,0,0,0,0,0.0,0.0,3.32
1613874613664377,https://www.facebook.com/reel/1038673418956500/,dance tidak ada yang jelas 😅😭,Atta Halilintar,facebook,0,0,0,0,0,0,0,0.0,0.0,0.77
1694407612041393,https://www.facebook.com/RaffiAhmadLagi/posts/pfbid027dgP15z1zQj63DfqEmtbmNu8UjoBTTfYjoGUa5udZh3hnEgJ8MNGRBVNTmsvMaZ1l,"Nostalgia "" Dahsyat "" Lala ... Yeye ... Lalala ... Yeyeyeye 😎🤍 Sehat"" semuaaaa 🙏 Salam Hangat TerDahsyat untuk seluruh keluarga Indonesia 🇮🇩❤️",Raffi Ahmad,facebook,0,0,0,0,0,0,0,0.0,0.0,-0.52
1506039788229028,https://www.facebook.com/TempoMedia/posts/pfbid0zbzngpe2sKjbB2XEGWKGAHhHTcsuzAe1cxK18GgGsd8rnzv1tYjjdGKvPTNZBNScl,Personel Densus 88 Tangkap Dua Orang Terduga Teroris,Tempo Media,facebook,0,0,0,0,0,0,0,0.0,0.0,-1.35
1697302298418591,https://www.facebook.com/reel/1363518128615312/,"Hari ini misinya cari snack buat anak-anak ❤️ Kalau belanjanya sekalian pakai wondr by BNI , BNI POIN+ nya bisa ditukar jadi Kupon Undian rejeki wondr BNI juga.  Cek lebih lengkapnya disini http://bni.id/rejekiwondrbni",Raffi Ahmad,facebook,0,0,0,0,0,0,0,0.0,0.0,-6.65
1506848861481454,https://www.facebook.com/TempoMedia/posts/pfbid02jaHH795u2Y9xE5nh7GKwXw8qBG28U5f7HU8wTYuoBCcuiCYFkc9VRPzvrTak97wLl,Gerindra: Nanik Mundur dari BGN Murni karena Kesehatan,Tempo Media,facebook,0,0,0,0,0,0,0,0.0,0.0,-3.24
1516889537144053,https://www.facebook.com/TempoMedia/posts/pfbid037MxVdW5WwxfwUwUij98xngCb8WarHpzjtaf3Xeu9c897fX22pm1kfxhEGCp6wCsPl,Saiful Mujani:  Sumber Masalahnya Adalah Prabowo,Tempo Media,facebook,0,0,0,0,0,0,0,0.0,0.0,-2.07
1489400123214916,https://www.facebook.com/reel/1465850738682627/,"Unggah Bukti CCTV, Sarwendah Klaim Dugaan Selingkuh Ruben Sejak 2017 . Simak terus update berita tentang dunia entertainment, kalau bukan sekarang, KapanLagi? #kapanlagi #selebriti #klkpt #kapanlagiwhatshot #kapanlagihariini #kontroversiseleb #update",Kapanlagi.com,facebook,0,0,0,0,0,0,0,0.0,0.0,4.76
1689427625872725,https://www.facebook.com/reel/1059005119896659/,Belum afdollll kalo belum ngopi 😂 Kemanapun cari kopi ya sayy.. biar makin seger dan pastinya kemanapun dimanapun transaksinya pake Qris wondr by BNI atau Kartu Debit BNI sekalian ngumpulin poin+nya dan bisa ditukar jadi kupon untuk dapetin hadiah da,Raffi Ahmad,facebook,0,0,0,0,0,0,0,0.0,0.0,1.55
1702884524527035,https://www.facebook.com/reel/1386344356930038/,"Terima kasih ya Allah, atas nikmat yang begitu besar. Engkau telah mengizinkan hamba menapakkan kaki di depan Ka’bah, tempat yang selama ini hanya bisa dipanjatkan dalam doa dan kerinduan.  Di tempat yang penuh keberkahan ini, hamba memohon ampun ata",Raffi Ahmad,facebook,0,0,0,0,0,0,0,0.0,0.0,-7.93
1697018735113614,https://www.facebook.com/RaffiAhmadLagi/posts/pfbid025Ka6f9jBJp8aaaiqAnHigvid2vRUFYx1a6agRSRBy8rK4e47CivmaV2taA1ydAXnl,❤️❤️,Raffi Ahmad,facebook,0,0,0,0,0,0,0,0.0,0.0,1.46
1694662178682603,https://www.facebook.com/reel/1191807746466384/,Cantiknya Mama ❤️😇,Raffi Ahmad,facebook,0,0,0,0,0,0,0,0.0,0.0,-1.73
1599891418396030,https://www.facebook.com/reel/1745280863273411/,Atta Dzalim?! Sehat selalu Pak Arman 🤲 Semoga kita semua selalu dijauhkan dari fitnah.,Atta Halilintar,facebook,0,0,0,0,0,0,0,0.0,0.0,-3.05
1487618293397440,https://www.facebook.com/kumparancom/posts/pfbid02hFxFh6QCyQ9JAZ7L85rydvPUePEXFDjCuAV8xbRDJsRxdqfpFbvASsGfpPDGppZVl,"Mahkamah Konstitusi (MK) mengabulkan gugatan terkait sisa kuota internet yang hangus. MK menetapkan harus ada kewajiban penyediaan layanan yang menjamin sisa kuota pengguna tetap aktif dan bisa digunakan.  ""Mengadili. Mengabulkan permohonan para Pemo",kumparan,facebook,0,0,0,0,0,0,0,0.0,0.0,2.75
1702644851217669,https://www.facebook.com/RaffiAhmadLagi/posts/pfbid02CdxwibkBfmUzZ1mgt68N86A5FMPHsoLEJCivj67GtchHsNvro3ViCwXe8DGjZdsnl,"Di hadapan Hajar Aswad, tak ada yang lebih indah selain menitipkan doa kepada Allah.  Ya Allah, ampuni dosa-dosa kami, kabulkan doa-doa kami, lapangkan rezeki kami, sehatkan keluarga kami, dan istiqamahkan hati kami di jalan-Mu.  Semoga Allah mengund",Raffi Ahmad,facebook,0,0,0,0,0,0,0,0.0,0.0,4.64
1698956621586492,https://www.facebook.com/RaffiAhmadLagi/posts/pfbid0mFNdNR4WVi4NHFFEpyBrhs6YraCUNm8dB441npgnY8VYn8EKRqJHKVeFSH3v46ael,Twining ❤️❤️😇,Raffi Ahmad,facebook,0,0,0,0,0,0,0,0.0,0.0,4.19
1690273519121469,https://www.facebook.com/reel/1549174903668664/,"Happy Wedding! 🤍✨  Selamat menempuh hidup baru .... Semoga selalu bahagia, langgeng, penuh berkah, dan selalu jadi pasangan yang saling melengkapi .... Selamat ya untuk keluarga besar Ibu Harsiwi Achmad ❤️🙏",Raffi Ahmad,facebook,0,0,0,0,0,0,0,0.0,0.0,-3.78
1505464374953236,https://www.facebook.com/TempoMedia/posts/pfbid028RYcc2mrhxDtxHRR4vB1WPXGXKecrB4sAe677RbCPbuqyJf33VzuEGYzPYn4gBB4l,Kelompok masyarakat sipil mendesak Presiden Prabowo meninjau ulang perpres yang menetapkan LGBTQ sebagai ancaman nonmiliter.,Tempo Media,facebook,0,0,0,0,0,0,0,0.0,0.0,-1.39
1597964815255357,https://www.facebook.com/reel/1023376060594939/,Sparing lawan Arhan 🫣,Atta Halilintar,facebook,0,0,0,0,0,0,0,0.0,0.0,1.49
1700817958067025,https://www.facebook.com/reel/1912167332791934/,Terimakasih Mama Iis Dahlia kaka Salshadilla Juwita Indradjaja ❤️😇,Raffi Ahmad,facebook,0,0,0,0,0,0,0,0.0,0.0,4.39
1689643805851107,https://www.facebook.com/reel/1768404671241708/,Papa ❤️ RANS ❤️🥹🤲,Raffi Ahmad,facebook,0,0,0,0,0,0,0,0.0,0.0,-2.16
1516907647142242,https://www.facebook.com/TempoMedia/posts/pfbid02RQQj8grA1qQuq7krFKHY3sTfVkqi9g5y6eLrFy5AFR3bMdoTbU7gdYdezhaxUNHjl,"Prabowo lebih sering meladeni kritik dengan kecaman, ketimbang memperbaiki kebijakan.  #Editorial",Tempo Media,facebook,0,0,0,0,0,0,0,0.0,0.0,-0.84
1607201727664999,https://www.facebook.com/reel/1360331626240162/,Degdegan sama hasilnyaa😰🥶,Atta Halilintar,facebook,0,0,0,0,0,0,0,0.0,0.0,-4.98
1598243971894108,https://www.facebook.com/reel/1506782794523540/,Ganyangka bisa ketemu Legend Seniornya Ronaldo!! LUIS FIGOO😭❤️,Atta Halilintar,facebook,0,0,0,0,0,0,0,0.0,0.0,-5.38
1606341641084341,https://www.facebook.com/reel/1040272928937828/,Azura setoran sholawat masyaallah ❤️❤️🤲🏼🤲🏼🫶🏻,Atta Halilintar,facebook,0,0,0,0,0,0,0,0.0,0.0,3.66
1701646274650860,https://www.facebook.com/RaffiAhmadLagi/posts/pfbid0yubV98Lq8CmDFyUreKXTNHdUxfstzimSVGuUiwxKB94Tu7gcmXaGkhdKN89bDzY9l,Pra-musim yang bukan main-main. 👀🔥  Aston Villa FC bakal ketemu Indonesia All Stars malam ini!  Belum sempet ke GBK? Santai.  Nontonnya FREE - Gratiss di YouTube RANS Entertainment mulai pukul 19.00 WIB.  Welcome to FREE-SEASON by RANS.  Tur pramusim,Raffi Ahmad,facebook,0,0,0,0,0,0,0,0.0,0.0,6.1
1513753534124320,https://www.facebook.com/TempoMedia/posts/pfbid028bvgdLnkpD3N5kr2NNXvTiSSvVqEzHyZmfEv93ganZbytyQ2S9DMujq1ebFB327tl,"Penyidikan polisi menemukan jejaring bisnis mantan Jampidsus, Febrie Adriansyah, terafiliasi dengan puluhan perusahaan dengan menggunakan nama anak dan dua orang kepercayaannya. Sejumlah perusahaannya diduga berkongsi saham dengan pengusaha batu bara",Tempo Media,facebook,0,0,0,0,0,0,0,0.0,0.0,-0.32
1698803218268499,https://www.facebook.com/RaffiAhmadLagi/posts/pfbid02GyanXNTRSFQWZAHqP9aAqrQ6quwpJGPdBky9WLjPsMXz1cty5tD2qRJwExaYisK9l,"Tidak semua yang dekat selalu ada, dan tidak semua yang jauh berarti hilang. Ada orang-orang yang tetap terasa dekat karena namanya nggak pernah absen di doa. Semangat dan Maju terus !!! Semoga setiap langkah dimudahkan, dan semua yang diperjuangkan ",Raffi Ahmad,facebook,0,0,0,0,0,0,0,0.0,0.0,4.52
1610360330682472,https://www.facebook.com/reel/4425396011060616/,Semoga bisa membanggakan indonesia di x the league❤️🇮🇩,Atta Halilintar,facebook,0,0,0,0,0,0,0,0.0,0.0,1.63
1491590883000181,https://www.facebook.com/kumparancom/posts/pfbid02jAFuVxt5psRukU2oKK9zZp45hyDbKFodQ2xAMvpzTA7Wg8VdgSrnN6DVfq3G1oZxl,"Kepala BGN Sudaryono mewanti-wanti agar pemilik dapur Makan Bergizi Gratis (MBG) atau Satuan Pelayanan Pemenuhan Gizi (SPPG) untuk tidak memasak menggunakan MinyaKita dan gas elpiji 3 kg.  ""Ya, tidak boleh masak untuk MBG memakai MinyaKita. Kita tida",kumparan,facebook,0,0,0,0,0,0,0,0.0,0.0,-2.9
1606719404379898,https://www.facebook.com/reel/956907767371186/,Azura Setoran Solawat ❤️ Masyallah Tabarakallah jadi anak solehah ya dek,Atta Halilintar,facebook,0,0,0,0,0,0,0,0.0,0.0,1.63
1686806952801459,https://www.facebook.com/reel/1001314876227670/,"Jagungnya edulll banget ❤️ rasanya beda deh pokoknya.. Kalo lagi ke luar negeri ada aja ya sayy jajannya 😂 Tadi sambil nunggu antrian Jajan, aku sambil ngecekin BNI Poin+ aku.. lumayan buat tuker poin di lelang rejeki wondr by BNI. Yuk langsung ikuta",Raffi Ahmad,facebook,0,0,0,0,0,0,0,0.0,0.0,6.92
1697836688365152,https://www.facebook.com/RaffiAhmadLagi/posts/pfbid02WMjpgVibWzeSJJs3a9rgsCLpgaYqr4BiN81mxh4zmKvP8nkRALiwAFaqoQA3pwAPl,Surga ada ditelapak kaki Ibu ❤️,Raffi Ahmad,facebook,0,0,0,0,0,0,0,0.0,0.0,-0.16
1605228627862309,https://www.facebook.com/reel/1401738508492349/,Adek : klik sendiri joget sendiri😁  #attahalilintar #azura #gym #family #moment,Atta Halilintar,facebook,0,0,0,0,0,0,0,0.0,0.0,7.04
1503153668517640,https://www.facebook.com/reel/2064147944479368/,"Pengusaha Tambang Diminta Mengakui Emas dan Uang di Rumah Febrie  Tujuh narasumber yang mengetahui perkembangan kasus korupsi Febrie Adriansyah bercerita, mantan Jaksa Agung Pidana Tindak Pidana Khusus itu ditengarai berkomunikasi dengan beberapa kon",Tempo Media,facebook,0,0,0,0,0,0,0,0.0,0.0,-11.79
1702859884529499,https://www.facebook.com/RaffiAhmadLagi/posts/pfbid022EUELf5bVs7DAFXByewL9BBY2vZQw8HkZUGnj8PnJHE3LaGwZpCyPi7Z16dUpG2vl,❤️🤲,Raffi Ahmad,facebook,0,0,0,0,0,0,0,0.0,0.0,3.7
1702153174600170,https://www.facebook.com/reel/1369173658644455/,"Di hadapan Ka’bah, tak ada yang lebih indah selain merendahkan hati di hadapan Allah.  Ya Allah… Mudahkanlah segala urusan hamba-Mu ini. Limpahkan kebahagiaan di dunia dan akhirat. Ampunilah segala dosa hamba, dosa kedua orang tua hamba, istri, anak-",Raffi Ahmad,facebook,0,0,0,0,0,0,0,0.0,0.0,0.39
1603097891408716,https://www.facebook.com/reel/2094407211489202/,Kakak Ameena bawain jajanan buat adek Azura🥰,Atta Halilintar,facebook,0,0,0,0,0,0,0,0.0,0.0,-1.35
1608797657505406,https://www.facebook.com/AttaHalilintar/posts/pfbid034muDv6Wn1VTso4zehBcjcVmGYzA6g13aKvgDFnMRpjwT7K6mfEvWjie11P1uSLNZl,mau oleh2 apa? 🇰🇷📽️❤️,Atta Halilintar,facebook,0,0,0,0,0,0,0,0.0,0.0,0.41
1605739234477915,https://www.facebook.com/reel/2069263453689472/,Siuuuuuu!!! Live bareng Mamanur & Zahra DA 7😆,Atta Halilintar,facebook,0,0,0,0,0,0,0,0.0,0.0,-8.94
1486694730156463,https://www.facebook.com/kumparancom/posts/pfbid024pX4Dq8XKmKCXVMPwqBdKZ3WciZU73qaXnD5DQxywXhkDxCC37v9MVqJ3sNXiiE2l,"Spanyol memenangkan Piala Dunia 2026 usai mengalahkan Argentina dengan skor 1-0. Spanyol pun berhak atas hadiah uang sebesar USD 50 juta atau sekitar Rp 895 miliar (kurs Rp 17.900 per dolar AS). Namun, sebagian besar dari uang itu berpotensi dikenaka",kumparan,facebook,0,0,0,0,0,0,0,0.0,0.0,-0.99
1694649415350546,https://www.facebook.com/reel/1438700511426029/,Rafathar 🔥🥊,Raffi Ahmad,facebook,0,0,0,0,0,0,0,0.0,0.0,1.61
1606416314410207,https://www.facebook.com/reel/1335470175233909/,"Zura juga mau naik motor pah,kaya kakak..",Atta Halilintar,facebook,0,0,0,0,0,0,0,0.0,0.0,6.65
1689609519187869,https://www.facebook.com/reel/1057100943673222/,"SyukuRANS ...   Terima kasih atas semua doa, dukungan, perhatian, dan kasih sayang yang telah kalian berikan hingga kami bisa sampai di titik ini. Setiap semangat, pengorbanan, dan kepercayaan yang kalian berikan menjadi kekuatan yang mengantarkan ka",Raffi Ahmad,facebook,0,0,0,0,0,0,0,0.0,0.0,-2.33
1692592728889548,https://www.facebook.com/RaffiAhmadLagi/posts/pfbid02KDsFJ36eRY2YyeJxFxpwM3dvgeQXQKgwTQ3YkpEnWRyKp4vgcKYrnZeADubbaoRkl,RANS ❤️,Raffi Ahmad,facebook,0,0,0,0,0,0,0,0.0,0.0,-3.64
1601494521569053,https://www.facebook.com/reel/1254897001034515/,singgah makan dulu guys.,Atta Halilintar,facebook,0,0,0,0,0,0,0,0.0,0.0,-2.26
1512267494272924,https://www.facebook.com/TempoMedia/posts/pfbid0XSs4r6VbPZtSMoKvqCn718MGUYuWPNK15MM3QGnmc6UZSnf4oys6RhVsBiDeNWBSl,Anggota Polda Aceh Inspektur Satu Muhammad Rizal diduga mengirimkan 200 etomidate ke Jakarta.,Tempo Media,facebook,0,0,0,0,0,0,0,0.0,0.0,4.12
1695446225270865,https://www.facebook.com/reel/1024320313739340/,Ammoy ceriwis😂,Raffi Ahmad,facebook,0,0,0,0,0,0,0,0.0,0.0,1.48
1703467811135373,https://www.facebook.com/reel/1067800478924410/,Masyallah Kagennn Ammaaaaa ❤️,Raffi Ahmad,facebook,0,0,0,0,0,0,0,0.0,0.0,-2.38
1490343163124953,https://www.facebook.com/reel/2296495357827120/,"""Bapak, bapak."" Kata itu terdengar nyaring terdengar dari sosok mungil di tengah kerumunan. Teriakan dan tangis bocah itu, yang kehilangan orang tua yang tewas diamuk massa karena diduga mencuri ayam, begitu pilu.  Dalam video yang beredar, putri bun",kumparan,facebook,0,0,0,0,0,0,0,0.0,0.0,2.31
1701422214673266,https://www.facebook.com/RaffiAhmadLagi/posts/pfbid08gWq3YfevHzuzxwuu3xBbjJZEsxgYFtfrEiM7MtTGFpxeo5Pusa2to7nkw5sx1rhl,"Perjalanan ini bukan sekadar menempuh jarak menuju Tanah Suci, tetapi juga perjalanan hati untuk semakin dekat kepada-Nya. Di setiap langkah, terselip doa, harapan, dan rasa syukur yang tak terhingga atas kesempatan berharga yang Allah anugerahkan.  ",Raffi Ahmad,facebook,0,0,0,0,0,0,0,0.0,0.0,0.44
1610633430655162,https://www.facebook.com/reel/2140146316628470/,Jangan liat sampe akhirr😅😅🇰🇷,Atta Halilintar,facebook,0,0,0,0,0,0,0,0.0,0.0,4.36
1607291710989334,https://www.facebook.com/reel/916770720795153/,Siapa yang anak perempuannya suka ngambek sama papahnyaa??,Atta Halilintar,facebook,0,0,0,0,0,0,0,0.0,0.0,-3.16
1588266949624683,https://www.facebook.com/reel/2795601604152902/,"Gastritis, GERD dan riwayat merokok",Tirta Mandira Hudhi Cipeng,facebook,0,0,0,0,0,0,0,0.0,0.0,-1.47
1516069023892771,https://www.facebook.com/TempoMedia/posts/pfbid02xh3WwkFA8BLcCF4YvWzJx6QKj4QR5XGh37hr8m5cM4MwhJufAToAmrWAcs42jZntl,"""Saya menghormati setiap hasil survei, kajian, maupun analisis yang disampaikan oleh lembaga-lembaga yang kredibel,"" ujar Gibran Rakabuming Raka.",Tempo Media,facebook,0,0,0,0,0,0,0,0.0,0.0,-1.76
1030075542983886,https://www.facebook.com/reel/2480485745788869/,Kabar duka datang dari Estuari Leschenault. Lumba-lumba asal Australia bernama Fraggle terlihat membawa anaknya yang sudah tak bernyawa dan masih berusia dua minggu. Ini menjadi anak keempat Fraggle yang gagal bertahan hidup.  Sejumlah lumba-lumba la,Okezone,facebook,0,0,0,0,0,0,0,0.0,0.0,-6.59
2081654509244465370,https://x.com/detikcom/status/2081654509244465370,"Kampung yang hilang kembali terlihat saat air Bendungan Karian, Kabupaten Lebak, menyusut. Bangunan kampung yang ditinggalkan penghuninya sejak 2023 itu kembali bisa dilihat.  &gt;&gt; https://t.co/dravcnmB3t https://t.co/yDJXCso3Me",detikcom,twitter,67,3,18,18,37756,0,6,37781.73,19.18,5.75
2080956415569793519,https://x.com/Twitter User/status/2080956415569793519,"Anggun, harimau putih yang menjadi ikon Semarang Zoo, mati setelah dipindahkan ke Medan.  Menurut narasi yang viral di media sosial, Anggun meninggal dua hari setelah dikirim ke Medan sehingga memicu dugaan kesalahan prosedur anestesi.  Kematian yang",Twitter User,twitter,2873,100,888,888,148905,138,100,150024.37,927.39,16.41
2084195063127831002,https://x.com/tempodotco/status/2084195063127831002,JUST IN: Pemerintah Bakal Buka War Tiket Upacara HUT Ke-81 RI,tempodotco,twitter,2209,792,181,181,564163,1573,132,564954.32,492.97,16.03
2084113210349932787,https://x.com/detikcom/status/2084113210349932787,Innalillahi wainnaillahi rojiun... Aktor senior Zainal Abidin atau yang dikenal sebagai Diding Boneng meninggal dunia pada usia 76 tahun pada Senin (3/8/2026).  https://t.co/GMJBHknqFH,detikcom,twitter,458,127,92,92,933914,5,19,934085.59,142.03,15.54
2079039182643790002,https://x.com/Twitter User/status/2079039182643790002,"Trump mengklaim pemimpin tertinggi Iran, Mojtaba Khamenei, telah tiada. Terbaru, Mojtaba Khamenei mengirim pesan yang berisi peringatan keras terhadap AS.  https://t.co/goY2jHTqDt",Twitter User,twitter,15,2,1,1,77205,0,1,77210.34,1.79,2.28
2079808662126932237,https://x.com/Twitter User/status/2079808662126932237,Sudaryono Dikabarkan Gantikan Nanik Deyang Jadi Kepala BGN https://t.co/BoiMON7fuW,Twitter User,twitter,247,93,47,47,52466,60,16,52558.18,83.63,9.3
2077613120932233689,https://x.com/Twitter User/status/2077613120932233689,Argentina menghadapi kemungkinan sanksi disiplin dari FIFA usai para pemainnya merayakan kemenangan semifinal Piala Dunia melawan Inggris dengan membentangkan spanduk Falkland.  https://t.co/010OWX1Ax2,Twitter User,twitter,7,4,4,4,40993,0,1,40995.98,5.58,9.51
2080648492436058166,https://x.com/Twitter User/status/2080648492436058166,"Kondisi Femas yang Kabur di Korea Selatan, Uang Menipis dan Ditolak Komunitas WNI  Baca di https://t.co/n1eNWunnEB https://t.co/d9kb4IZYvp",Twitter User,twitter,358,62,39,39,106681,18,70,106810.58,63.42,13.72
2079540104360784186,https://x.com/Twitter User/status/2079540104360784186,"KPK menetapkan Bupati Lombok Barat Lalu Zai Ahmad Zaini sebagai tersangka dugaan korupsi karena ikut main proyek dan menerima suap. Total penerimaan diduga mencapai Rp 12,4 miliar dalam bentuk uang tunai dan barang.⁣  &gt;&gt; https://t.co/7vmM1pzsSZ",Twitter User,twitter,66,10,18,18,76548,1,4,76573.38,21.94,1.97
2080624037512798573,https://x.com/Twitter User/status/2080624037512798573,"MenPANRB soal CPNS 2026: Tetap Disiapkan, tapi Belum Bisa Tentukan Jadwal https://t.co/RDNLmy6pXA",Twitter User,twitter,765,44,48,48,63054,35,110,63326.01,65.33,20.47
2078675958341779766,https://x.com/Twitter User/status/2078675958341779766,Baca selengkapnya: https://t.co/Jyg5Na5JZj  WNI yang ingin melepas status kewarganegaraan atas permohonan sendiri kepada Presiden bakal dikenai tarif Rp 5 juta. Ketentuan tersebut termuat dalam PP Nomor 30 Tahun 2026.  ~MS #WNI #lepasstatusWNI #tarif,Twitter User,twitter,185,144,93,93,20826,68,28,20903.03,149.72,29.85
2080247276103192795,https://x.com/Twitter User/status/2080247276103192795,"Sebuah video merekam sebuah mobil Toyota Alphard menerobos lampu lalu lintas di pelican crossing Halte Bundaran HI di seberang Hotel Pullman, Jalan M Thamrin, Jakarta Pusat.  Aksi pengendara itu dinilai membahayakan para pejalan kaki yang sedang meny",Twitter User,twitter,226,40,102,102,59065,8,9,59157.5,117.76,4.95
2079049042559156445,https://x.com/Twitter User/status/2079049042559156445,"Kecelakaan melibatkan dua motor terjadi di jalur lingkar Stadion Pakansari, Cibinong, Kabupaten Bogor.  https://t.co/QhetMnml2S",Twitter User,twitter,7,3,4,4,140872,0,2,140874.98,5.18,5.59
2082037898803826838,https://x.com/detikcom/status/2082037898803826838,"Kemenkum menyerahkan dokumen penegasan status WNI kepada tujuh warga keturunan Filipina di Kota Bitung, Sulawesi Utara. Warga yang mendapat dokumen itu bersyukur karena status kewarganegaraan mereka kini telah jelas.    &gt;&gt; https://t.co/wewgHKvb",detikcom,twitter,134,12,28,28,146894,4,17,146944.35,32.73,-2.99
2080160753588601290,https://x.com/Twitter User/status/2080160753588601290,"Pengadilan Negeri Jakarta Timur mengabulkan perlawanan yang diajukan dr Tifauzia Tyassuma alias dr Tifa dalam perkara dugaan fitnah dan pencemaran nama baik terkait tudingan ijazah palsu Presiden ke-7 RI Joko Widodo. Dengan putusan sela tersebut, sur",Twitter User,twitter,243,43,70,70,23188,16,17,23281.97,86.94,6.1
2079729264715600195,https://x.com/Twitter User/status/2079729264715600195,"Ketua Badan Gizi Nasional (BGN), Nanik S Deyang, mengundurkan diri. Mengapa? https://t.co/yqg8nZD2Di",Twitter User,twitter,188,134,78,78,451734,42,17,451810.0,130.78,5.3
2076625435216302280,https://x.com/Twitter User/status/2076625435216302280,Kecelakaan maut di Indramayu merenggut 12 nyawa setelah tabrakan beruntun tiga kendaraan. Polisi selidiki penyebab kecelakaan maut tersebut. Simak ringkasan kasusnya di sini!  Via @detikjabar_  https://t.co/bU5AwAk06i,Twitter User,twitter,12,3,1,1,165440,0,0,165444.3,2.18,0.15
2077316707170062738,https://x.com/Twitter User/status/2077316707170062738,"Otak di balik kasus pemerkosaan remaja putri di Kabupaten Sampang, Madura, oleh 27 orang pria terungkap. Ia adalah pria berinisial AP (15).  ""Betul (otak aksi pemerkosaan berinisial AP),"" kata Kasi Humas Polres Sampang, AKP Eko Puji Waluyo kepada kum",Twitter User,twitter,209,22,62,62,31247,6,31,31328.07,70.67,13.24
2079945003699486824,https://x.com/Twitter User/status/2079945003699486824,Brand Asal Solo Pasang Wajah Penjahit di Label Baju sebagai Apresiasi  Baca di https://t.co/efJLNPh6Ox https://t.co/DfiMcMBdRC,Twitter User,twitter,482,10,70,70,104183,2,46,104359.88,73.94,3.82
2080193698311090220,https://x.com/Twitter User/status/2080193698311090220,"Seorang sopir angkot bernama Rifai (44) warga Kecamatan Camplong, Kabupaten Sampang, melakukan pelecehan terhadap penumpangnya seorang siswi SMA pada Senin (20/7) pagi di sekitar Jalan Nasional Kabupaten Sampang. Pelaku bahkan ingin menculik korban d",Twitter User,twitter,9,0,9,9,25706,2,3,25710.37,9.0,-4.36
2080080981596446840,https://x.com/Twitter User/status/2080080981596446840,Surya Paloh: Bangsa Ini Tak Boleh Berharap kepada Lansia Seperti Saya  Baca di https://t.co/dNr9cYjmIQ https://t.co/PfMqdfX0vR,Twitter User,twitter,113,46,14,14,15626,22,5,15667.13,32.12,18.18
2080549273654239253,https://x.com/Twitter User/status/2080549273654239253,Prabowo Tuding Wartawan-Pengamat sebagai 'Londo Ireng' https://t.co/GHpRmLKkhx,Twitter User,twitter,11411,1108,3025,3025,440451,1693,437,444827.53,3461.44,26.7
2082097760459968636,https://x.com/kumparan/status/2082097760459968636,"Menteri Hak Asasi Manusia (HAM) Natalius Pigai meluruskan pemahaman publik mengenai istilah ""Londo ireng"" yang sempat menjadi perbincangan. Ia menegaskan istilah tersebut tidak ditujukan kepada profesi wartawan.  Hal itu disampaikan Pigai saat menjaw",kumparan,twitter,144,326,49,49,44037,97,39,44093.73,177.41,29.19
2075528258989502762,https://x.com/Twitter User/status/2075528258989502762,"Seorang remaja putri di Kabupaten Sampang, Jawa Timur, diduga menjadi korban kekerasan seksual yang dilakukan oleh 27 pria dalam rentang Februari hingga Mei 2026. Hingga kini, polisi telah menangkap dan menetapkan 12 orang sebagai tersangka, sementar",Twitter User,twitter,542,54,221,221,45899,32,54,46117.56,242.27,11.13
2080608935288197588,https://x.com/Twitter User/status/2080608935288197588,Ketua YLBHI: Ucapan Prabowo soal 'Londo Ireng' Berisiko Tingkatkan Represi https://t.co/Bc9Osw6DWQ,Twitter User,twitter,7599,110,1627,1627,89121,51,113,91981.94,1670.33,35.97
2075373326940487889,https://x.com/Twitter User/status/2075373326940487889,"Anggota DPR RI Fraksi NasDem, Rachmat Gobel meninggal dunia. Rachmat Gobel meninggal dini hari tadi. Kabar duka tersebut dibenarkan Ketua DPP NasDem Willy Aditya.   https://t.co/eN2ZKoieev",Twitter User,twitter,7,1,1,1,40735,0,0,40737.57,1.39,2.49
2081318613630460300,https://x.com/tempodotco/status/2081318613630460300,SMRC: Kepuasan Publik terhadap Kinerja Prabowo Turun 30 Persen https://t.co/FuTiJAMte4,tempodotco,twitter,20848,851,3864,3864,456762,871,329,464528.18,4199.21,22.89
2075173126921404625,https://x.com/Twitter User/status/2075173126921404625,Polri menjadi lembaga paling korup se-Asia Tenggara berdasarkan hasil survei IndexMundi.   🤔Mengapa?  #TempoPlus https://t.co/eSnQlQcZs1,Twitter User,twitter,3928,213,1319,1319,67600,55,95,69144.91,1402.9,42.56
2082737963792785748,https://x.com/tempodotco/status/2082737963792785748,Survei SMRC: Prabowo Kalah Jika Pemilu Digelar Saat Ini https://t.co/uKJNqWr0n0,tempodotco,twitter,7795,187,667,667,184342,183,102,187138.26,740.66,16.71
2079835084165927147,https://x.com/Twitter User/status/2079835084165927147,JUST IN: Komnas HAM Rekomendasikan Korupsi Sebagai Pelanggaran HAM,Twitter User,twitter,12710,184,2630,2630,177598,333,188,182370.56,2702.48,32.49
2082047191770894369,https://x.com/detikcom/status/2082047191770894369,Jaksa KPK menghadirkan Budiman Bayu selaku Kepala Seksi Intelijen Cukai P2 Bea Cukai menjadi saksi sidang kasus suap dan gratifikasi pejabat Bea Cukai.  https://t.co/tYZMgASYdV,detikcom,twitter,15,0,2,2,93167,1,1,93172.48,2.0,0.91
2081627986617606405,https://x.com/detikcom/status/2081627986617606405,"Bentrokan maut di Jalan Tambak, Menteng, Jakarta, terjadi setelah cekcok saat sarapan nasi uduk. Satu orang tewas dan dua lainnya terluka.  https://t.co/PgiazeHW28",detikcom,twitter,6,2,0,0,44383,0,1,44385.08,0.79,10.67
2079174494519009459,https://x.com/Twitter User/status/2079174494519009459,"Prabowo: Saya Diserang karena Ingin Beri Makan Bergizi  ""Saya diserang karena ingin memberi makan bergizi untuk anak-anak Indonesia, untuk ibu-ibu hamil, untuk orang-orang lansia, dianggap pemborosan."" https://t.co/N5KErMEsl2",Twitter User,twitter,2815,754,495,495,424968,907,156,426012.93,792.0,15.26
2075535985807663331,https://x.com/Twitter User/status/2075535985807663331,"Komisi Pemberantasan Korupsi (KPK) memberikan penjelasan terkait rumah milik Jampidsus Kejagung, Febrie Adriansyah, di kawasan Sentul, Kabupaten Bogor, yang tidak terdaftar di Laporan Harta Kekayaan Penyelenggara Negara (LHKPN).  Deputi Pencegahan da",Twitter User,twitter,327,52,109,109,57191,23,30,57319.5,129.48,5.62
2083955406527963401,https://x.com/detikcom/status/2083955406527963401,"Pengguna Kartu Kredit Bank Mega, Syariah Card by Bank Mega Syariah, dan Allo PayLater masih dapat menikmati harga spesial baru mulai dari IDR 1.199.000 nett per malam di Trans Luxury Hotel Surabaya hingga Agustus 2026. Lengkap dengan sarapan untuk du",detikcom,twitter,16,3,3,3,47271,0,0,47276.96,4.18,6.13
2078744407894061439,https://x.com/Twitter User/status/2078744407894061439,"Polisi menyelidiki kasus dugaan perusakan rumah warga yang diteror tetangga di Pancoran Mas, Kota Depok, Jawa Barat. Polisi mengungkap pemicu dari teror tetangga terhadap warga tersebut.  https://t.co/6WUdqzX2xw",Twitter User,twitter,10,6,1,1,36289,1,0,36292.61,3.36,-3.34
2083175857116663879,https://x.com/tempodotco/status/2083175857116663879,JUST IN: Pelatihan Calon Manajer Kopdes Habiskan Rp 1 Triliun,tempodotco,twitter,17368,1537,5771,5771,2500349,4153,603,2507171.51,6376.42,16.57
2076909563777888511,https://x.com/Twitter User/status/2076909563777888511,Jaksa Terbitkan Surat 'Setop Pengumpulan Data MBG' di Daerah https://t.co/ZZCkyouD46,Twitter User,twitter,905,117,208,208,36594,63,28,36936.69,254.09,13.47
2080532927805542534,https://x.com/Twitter User/status/2080532927805542534,JUST IN: MK Tetapkan Sisa Kuota Internet Tidak Boleh Hangus,Twitter User,twitter,4011,148,576,576,132701,296,115,134172.02,634.3,13.82
2076894460345290785,https://x.com/Twitter User/status/2076894460345290785,"Bertemu Panglima, Kapolri: Ada Upaya Memecah Belah Polri-TNI https://t.co/V8OKZYFEAO",Twitter User,twitter,407,170,72,72,34626,71,32,34777.14,138.96,24.62
2077387448011911211,https://x.com/Twitter User/status/2077387448011911211,"Kisah Remaja 16 Tahun, Putus Sekolah demi Bantu Ibu dengan Jual Roti dan Lukisan  Baca di https://t.co/hMgIgNQVlX https://t.co/w8UW9r5yTW",Twitter User,twitter,643,15,235,235,17134,8,40,17389.53,240.91,34.77
2075446667831349489,https://x.com/Twitter User/status/2075446667831349489,Pemerintah Arab Saudi menyambut 250 jemaah dari 16 negara dalam Program Tamu Penjaga Dua Masjid Suci. Jemaah Indonesia termasuk salah satunya.  Via: @detikHikmah  https://t.co/AEbGmUHyr4,Twitter User,twitter,6,1,0,0,24577,0,1,24579.08,0.39,2.06
2078753079705632987,https://x.com/Twitter User/status/2078753079705632987,"Kritik Harga Beras Mahal, Prabowo: Tanam Padi Sendiri  “Yang mengatakan beras terlalu mahal, suruh mereka ikut kau tanam beras. Kalau petani beras enggak boleh dapat penghasilan yang tinggi, ya, suruh mereka tanam padi sendiri.” https://t.co/xQCASgnf",Twitter User,twitter,10565,1600,2110,2110,696592,3605,564,700548.6,2740.24,22.41
2082839964472185078,https://x.com/kompascom/status/2082839964472185078,"CEO AEON Co., Ltd, Akio Yoshida, menyampaikan permintaan maaf setelah lantai dua Aeon Mall di Kota Kashima, Prefektur Kumamoto, ambruk akibat gempa bumi kuat yang mengguncang wilayah selatan Jepang pada Selasa (28/7/2026).   Runtuhnya bangunan disert",kompascom,twitter,48,6,17,17,19100,2,9,19119.0,19.36,3.82
2079869067532677351,https://x.com/Twitter User/status/2079869067532677351,"Komisi II DPR menyebutkan banyak ASN hanya datang ke kantor untuk presensi, lalu pulang. Benarkah stigma itu?  Baca selengkapnya: https://t.co/OxAsAW3pan  #TempoPlus https://t.co/P2EllJyQqb",Twitter User,twitter,512,98,84,84,61216,50,24,61405.22,122.6,4.92
2080563644568347131,https://x.com/Twitter User/status/2080563644568347131,Mendikti: Universitas RI Tak Membawahi Seluruh Kampus https://t.co/VH6GccvQY1,Twitter User,twitter,247,53,9,9,37120,16,13,37206.93,29.88,5.66
2081381951018274980,https://x.com/kumparan/status/2081381951018274980,"Polda Metro Jaya (PMJ) tengah menyelidiki penyebab kematian misterius seorang pria bernama Sutrimo di daerah Jakarta Selatan.  Awalnya, Sutrimo ditemukan tidak sadarkan diri di halaman Klinik Mordent, Kebayoran Baru, Jakarta Selatan, pada Kamis (23/7",kumparan,twitter,63,3,28,28,18333,0,6,18358.72,29.18,2.22
2080593842315923829,https://x.com/Twitter User/status/2080593842315923829,"Prabowo: Ekonomi Itu Sederhana, Bukan Ilmu Dewa-dewa  ""Kalau Anda buka warung, ya itu ekonomi. Satu cangkir kopi modalnya berapa? Dijual berapa? Selisihnya itu untung, untung ditabung."" https://t.co/dH5e4HfF3G",Twitter User,twitter,1934,606,305,305,140749,625,147,141462.06,543.7,30.73
2081654171124773242,https://x.com/detikcom/status/2081654171124773242,Kepala Badan Gizi Nasional (BGN) Sudaryono memecat 261 pegawai non-ASN di BGN.  https://t.co/tg3GFhIcg1,detikcom,twitter,76,33,21,21,107799,6,8,107828.27,34.0,6.87
2076547170808087035,https://x.com/Twitter User/status/2076547170808087035,"Prabowo: Yang Merasa Indonesia Suram, Cari Negara Lain https://t.co/TScaSCh1uF",Twitter User,twitter,8935,1808,1376,1376,799696,3816,485,802985.71,2088.17,12.48
2080688513125937422,https://x.com/Twitter User/status/2080688513125937422,"Usai Mediasi 6 Jam, Satpam Bundaran HI dan Sopir Alphard Berdamai  Baca di: https://t.co/RlWDgyTChG https://t.co/1cstlNXZoG",Twitter User,twitter,190,262,43,43,57938,66,21,58009.85,146.2,19.51
2081569434314129889,https://x.com/detikcom/status/2081569434314129889,Polisi menyelidiki kematian Sutrimo yang ditemukan di Kebayoran Baru. Fokus pada rekaman CCTV dan saksi.  https://t.co/3YCV9PYwZl,detikcom,twitter,11,1,1,1,50368,2,1,50371.95,1.39,0.79
2076909563736137951,https://x.com/Twitter User/status/2076909563736137951,"Presiden AS Trump mengklaim bahwa pemimpin tertinggi Iran Mojtaba Khamenei sudah ""90 persen tiada"". https://t.co/7sw5132WMO",Twitter User,twitter,12,4,0,0,32431,0,0,32435.16,1.58,-1.23
2079532550360568243,https://x.com/Twitter User/status/2079532550360568243,19 Siswa SDN Sendangrejo Blora Keracunan MBG https://t.co/kYXVJFY3VX,Twitter User,twitter,3763,130,1821,1821,78501,145,49,80058.05,1872.21,35.72
2079567076545659319,https://x.com/Twitter User/status/2079567076545659319,"JUST IN: Purbaya Laporkan Defisit APBN per Juni Rp 196,5 Triliun",Twitter User,twitter,6693,340,1866,1866,249101,631,217,251680.68,1999.93,27.87
2076537804113564015,https://x.com/Twitter User/status/2076537804113564015,"Dua remaja yang hilang selama hampir dua pekan di Gunung Bismo, Kabupaten Wonosobo, yakni Arifin Nurohmat (18) dan Yufaidin (15), akhirnya ditemukan dalam kondisi meninggal dunia.  Kedua warga Desa Krinjing, Kecamatan Watumalang, Kabupaten Wonosobo, ",Twitter User,twitter,198,14,55,55,25690,3,27,25766.29,60.51,15.82
2082047557329641805,https://x.com/detikcom/status/2082047557329641805,Pejabat Bea Cukai mengaku memerintahkan stafnya untuk 'bersih-bersih' setelah mengetahui tengah dipantau KPK.  https://t.co/py24PLY3ds,detikcom,twitter,18,2,5,5,68796,0,2,68802.94,5.79,-0.52
2079534666508587471,https://x.com/Twitter User/status/2079534666508587471,Posisi Presiden Prabowo Subianto dan Wapres Gibran Rakabuming yang tak duduk bersebelahan saat sidang kabinet paripurna (SKP) kemarin ramai diperbincangkan. Mensesneg Prasetyo Hadi buka suara.  &gt;&gt; https://t.co/tlTqNbrwSS https://t.co/Hr6RP1ZhGR,Twitter User,twitter,69,34,9,9,68684,6,17,68709.18,22.39,4.67
2080601385775800722,https://x.com/Twitter User/status/2080601385775800722,JUST IN: Pemerintah Dukung Usulan BNN Melarang Total Vape,Twitter User,twitter,1733,57,171,171,96788,83,42,97412.81,193.45,13.1
2079119963588276317,https://x.com/Twitter User/status/2079119963588276317,Gerindra Minta Hotman Tak Seret Prabowo dalam Kasus Febrie https://t.co/Y0rYxEznqg,Twitter User,twitter,4150,234,494,494,331546,149,147,333053.91,586.17,17.87
2081633139685019945,https://x.com/detikcom/status/2081633139685019945,"Adik perempuan dari pemimpin Korea Utara Kim Jong Un, geram pada ASEAN karena berupaya mewujudkan Semenanjung Korea yang bebas nuklir.  https://t.co/1Vf9WzIf8B",detikcom,twitter,9,2,1,1,42505,0,1,42508.26,1.79,0.13
2076919320173760986,https://x.com/Twitter User/status/2076919320173760986,Kepala SPPG di Bandung diduga bunuh diri di mall. Polisi temukan surat wasiat. Keluarga menerima kejadian ini. Berikut ulasan lengkapnya!  Via @detikjabar_  https://t.co/l6uciPWoXL,Twitter User,twitter,71,10,18,18,601308,0,8,601335.12,21.94,6.52
2077649434754666640,https://x.com/Twitter User/status/2077649434754666640,Menteri PU Bantah Mutasi ASN karena Surat Dinas ke AS Bocor https://t.co/ii9VFUuwJ3,Twitter User,twitter,961,85,160,160,35698,43,30,36053.48,193.48,15.1
2081651896302129458,https://x.com/detikcom/status/2081651896302129458,"Puslabfor Polri menggelar olah TKP di Klinik Mordent, kawasan Kebayoran Baru, Jakarta Selatan. Klinik tersebut merupakan lokasi ditemukannya seorang pria bernama Sutrimo sebelum dinyatakan tewas.  &gt;&gt; https://t.co/9l6SbhQfRj https://t.co/TX15RzF",detikcom,twitter,27,3,10,10,35512,0,5,35522.75,11.18,-2.36
2075438133567775014,https://x.com/Twitter User/status/2075438133567775014,"Jampidsus Febri Ardiansyah mengakui rumah di kawasan Sentul, Bogor, Jawa Barat, yang digeledah pihak kepolisian terkait tiga kasus korupsi merupakan rumah pribadinya. Di rumah tersebut ditemukan 74 kg emas dan uang ratusan miliar rupiah.  &gt;&gt; ht",Twitter User,twitter,72,27,30,30,24028,6,6,24057.12,40.64,10.34
2082008825528475921,https://x.com/CNNIndonesia/status/2082008825528475921,"Sebuah gunung es berukuran raksasa terbalik di lepas pantai Ilulissat, Greenland, pada Sabtu (25/7).  Peristiwa mencekam ini berhasil diabadikan oleh warga lokal bernama Mona Hansen dan kemudian viral di media sosial.  Proses terbaliknya gunung es te",CNNIndonesia,twitter,334,2,76,76,86089,1,51,86215.37,76.79,14.43
2081580771278762132,https://x.com/detikcom/status/2081580771278762132,"Rekaman video menunjukkan kepanikan di restoran Mie Gacoan, Jakarta, akibat serangan kelompok berparang. Polisi memastikan situasi kini kondusif.  https://t.co/0NNd2vFF9S",detikcom,twitter,19,2,2,2,32298,1,0,32304.87,2.79,1.39
2080578750794662325,https://x.com/Twitter User/status/2080578750794662325,"Prabowo: Hati PDIP Sebetulnya Sama dengan Kita  “Kadang-kadang kita berpisah, enggak masalah. Nanti juga bergabung lagi. PDIP hatinya juga sebetulnya sama dengan kita."" https://t.co/ForTZ95fLf",Twitter User,twitter,156,38,18,18,30735,9,13,30791.6,32.97,12.99
2078131318676983932,https://x.com/Twitter User/status/2078131318676983932,Rumah Febrie Adriansyah di Sentul Dijadikan Kantor Yayasan oleh Don Ritto Sejak 2023  Baca di https://t.co/yggkV4HeJs https://t.co/h8nGJDoRHn,Twitter User,twitter,59,19,22,22,99260,9,6,99283.51,29.48,6.39
2083748411552227527,https://x.com/detikcom/status/2083748411552227527,"Artis Diana Pungky melaporkan mantan asistennya, ke Polda Metro Jaya atas dugaan penggelapan dana lebih dari Rp 25 miliar. Polisi sedang menyelidiki kasus ini.  https://t.co/SMzz3AYr4h",detikcom,twitter,102,9,26,26,660936,5,11,660974.98,29.55,4.66
2076542349925400673,https://x.com/Twitter User/status/2076542349925400673,"Sebanyak 27 orang tewas dalam kebakaran besar di sebuah bar di Bangkok, Thailand pada Minggu (12/7).  Kebakaran itu juga menyebabkan setidaknya 63 orang dirawat di rumah sakit karena luka-luka, termasuk 22 kritis.  Petugas mengatakan sejumlah korban ",Twitter User,twitter,556,19,99,99,178408,16,62,178614.56,106.48,9.73
2081271046397718945,https://x.com/kumparan/status/2081271046397718945,"Hana Claudia (21), perempuan asal Bandung memilih cara tak biasa saat pulang dini hari. Ia memesan tiga ojek online (ojol) sekaligus untuk mengawalnya pulang.  Hal tersebut ia lakukan karena khawatir dengan maraknya aksi begal di Kota Bandung belakan",kumparan,twitter,101,20,29,29,39585,4,15,39624.04,36.88,13.37
2077569924726432033,https://x.com/Twitter User/status/2077569924726432033,Kasus korupsi yang menjerat mantan Jaksa Agung Muda Bidang Tindak Pidana Khusus (Jampidsus) Kejaksaan Agung (Kejagung) Febrie Adriansyah mulai diusut Kejagung. Korps Adhyaksa menurunkan 'Tim 9' yang berisi jaksa-jaksa senior.  https://t.co/1PTuWcw4FL,Twitter User,twitter,21,14,6,6,241095,0,1,241103.11,11.51,5.43
2078681358759825451,https://x.com/Twitter User/status/2078681358759825451,Kaburnya seorang peserta tur asal Madiun bernama Femas saat mengikuti open trip Korea Selatan (Korsel) menjadi sorotan Kementerian Luar Negeri (Kemlu). Aksi Femas itu disebut melanggar aturan imigrasi.    https://t.co/0xLLlgtR6C,Twitter User,twitter,11,6,2,2,51775,0,0,51779.09,4.36,9.76
2081639246931300418,https://x.com/detikcom/status/2081639246931300418,"Polisi menetapkan tujuh tersangka terkait kericuhan maut di Jalan Tambak, Menteng. Perusakan gerobak dan penganiayaan menjadi fokus penyelidikan.  https://t.co/keIHmsvs5q https://t.co/3MkvbHnRUv",detikcom,twitter,11,4,6,6,28732,0,3,28736.65,7.58,-9.36
2079899270199595250,https://x.com/Twitter User/status/2079899270199595250,"Resmi Jadi Kepala BGN, Sudaryono: Saya Tak Punya Dapur MBG https://t.co/jVQbkfKEec",Twitter User,twitter,519,97,21,21,54870,35,14,55052.94,59.21,14.16
2084162994465022347,https://x.com/detikcom/status/2084162994465022347,Video yang menjadikan usher (SPG) di GIIAS 2026 sebagai objek konten berjudul 'cara mendekati cewek' ramai dikritik. Pembuat konten video itu meminta maaf.  https://t.co/NfCVftwsOt,detikcom,twitter,45,19,7,7,375606,0,6,375622.58,14.48,6.92
2084189483621355521,https://x.com/kumparan/status/2084189483621355521,"Seorang influencer bernama Emanuel Bryan atau yang dikenal dengan Bryan Ebem (ebemartono), viral setelah mengunggah konten sejumlah usher di GAIKINDO Indonesia International Auto Show (GIIAS) 2026.   Informasi ini ramai setelah salah satu usher mengu",kumparan,twitter,142,57,36,36,311821,8,39,311875.24,58.45,5.98
2081303510503845955,https://x.com/tempodotco/status/2081303510503845955,Kaesang Pangarep Bidik Kursi DPR di Pemilu 2029 https://t.co/FoTpYH1JYO,tempodotco,twitter,625,177,51,51,202928,105,29,203151.86,120.72,9.33
2081568852606058541,https://x.com/detikcom/status/2081568852606058541,"Bentrokan maut di Jalan Tambak, Menteng, Jakarta Pusat, menewaskan satu orang. Keributan dipicu cekcok soal sarapan nasi uduk. Polisi amankan situasi.  https://t.co/o4tPwfpXO2",detikcom,twitter,11,8,4,4,64787,2,1,64791.37,7.15,-5.65
2080679082262741367,https://x.com/Twitter User/status/2080679082262741367,Tiga Orang di Mobil Alphard yang Intimidasi Satpam Bundaran HI Anggota Polda Jabar  Baca di https://t.co/JF4xP8ebqU https://t.co/fIbCc9iSCE,Twitter User,twitter,1121,218,407,407,111621,79,67,112066.12,492.87,15.72
2078674711341674897,https://x.com/Twitter User/status/2078674711341674897,"Rumah keluarga Azis Suraji di Pancoran Mas, Depok, Jawa Barat (Jabar) menjadi sasaran teror oleh tetangganya. Teror tersebut sampai membuat keluarga Azis menjual rumah mereka.  https://t.co/61PisAUbCF",Twitter User,twitter,16,4,7,7,168808,0,1,168814.52,8.58,6.43
2079925681287463398,https://x.com/Twitter User/status/2079925681287463398,JUST IN: Bos Pabrik Gas Tawa Merek Whip Pink Jadi Tersangka,Twitter User,twitter,898,25,112,112,30514,7,18,30840.99,121.85,20.44
2081758814001635346,https://x.com/kompascom/status/2081758814001635346,Pengacara: Febrie Adriansyah Sarapan Bihun dan Telur Ceplok di Rutan KPK  Baca di https://t.co/EJZG6pBlAB https://t.co/lbAeSspox9,kompascom,twitter,146,261,22,22,44673,105,13,44726.69,124.81,18.16
2081609396988387791,https://x.com/detikcom/status/2081609396988387791,"Seorang dokter internship, dr SZM dikabarkan meninggal dunia. Korban meninggal setelah terjatuh dari lantai 18 sebuah apartemen di kawasan Kalibata, Pancoran, Jakarta Selatan.  &gt;&gt; https://t.co/MzLDAU3yvG https://t.co/NwHeiQpqjm",detikcom,twitter,67,3,19,19,94618,2,8,94643.87,20.18,0.76
2075535505517944840,https://x.com/Twitter User/status/2075535505517944840,Duit dan Emas di Rumah Jampidsus Disita: Itu Ada yang Punya https://t.co/sNEA4yn40V,Twitter User,twitter,1958,615,293,293,192931,245,66,193650.72,535.25,15.89
2081597796214550655,https://x.com/detikcom/status/2081597796214550655,"Rekaman video beredar di media sosial, memperlihatkan kepanikan di restoran Mie Gacoan, Matraman, Jakarta Pusat, Senin (27/7/2026) dini hari.  Kepanikan itu imbas adanya konflik sekelompok warga di Jalan Tambak. Polisi memberikan penjelasannya.  &gt;",detikcom,twitter,147,25,25,25,130703,4,18,130757.45,34.85,9.98
2079584023106736421,https://x.com/Twitter User/status/2079584023106736421,Larry si Kucing telah menghuni kantor Perdana Menteri Inggris di Downing Street selama 15 tahun.    Kucing belang berusia 19 tahun ini telah menjadi saksi tujuh kali pergantian Perdana Menteri Inggris.   Kucing yang mengemban jabatan Chief Mouser to ,Twitter User,twitter,682,8,98,98,28292,11,43,28542.13,101.15,18.76
2078679439039447339,https://x.com/Twitter User/status/2078679439039447339,Pemprov DKI Jakarta mengimbau para kreator konten untuk lebih bijak dalam membuat dan menyebarkan konten di media sosial. Imbauan itu diberikan usai viral konten bernarasikan praktik 'pijat ala India'.  https://t.co/A1acHqHyST,Twitter User,twitter,10,2,0,0,24243,0,2,24246.47,0.79,-0.71
2082455418878726591,https://x.com/kompascom/status/2082455418878726591,"Seusai melaksanakan shalat Subuh berjamaah, puluhan warga tidak langsung meninggalkan Masjid Miftahul Falah di Blok 4 Perumnas RW 21, Kelurahan Karanganyar, Kecamatan Subang, Kabupaten Subang, Jawa Barat.  Mereka justru berkumpul di halaman masjid un",kompascom,twitter,220,6,29,29,48452,2,23,48532.33,31.36,8.94
2079884169837228071,https://x.com/Twitter User/status/2079884169837228071,Beberapa pidato Presiden Prabowo Subianto kerap bertentangan dengan realitas kebijakannya. Menggerus kepercayaan publik.  Baca selengkapnya: https://t.co/dZ8SWroppO  #TempoPlus https://t.co/MlGmDdRW4V,Twitter User,twitter,1562,91,526,526,35705,31,49,36319.55,561.84,33.18
2079409898136510644,https://x.com/Twitter User/status/2079409898136510644,"KPK telah menetapkan tersangka terkait operasi tangkap tangan (OTT) Bupati Lombok Barat Lalu Ahmad Zaini (LAZ). Namun, KPK belum mengungkap detail identitas tersangka dan konstruksi perkaranya.  https://t.co/QEKMA8uIIq",Twitter User,twitter,55,27,17,17,629247,0,1,629268.43,27.64,11.79
2075145197445603590,https://x.com/Twitter User/status/2075145197445603590,"Kasus pembunuhan satu keluarga di Indramayu menggemparkan publik. Dua pelaku ditangkap, Ririn divonis mati, sementara Priyo dihukum seumur hidup. Selengkapnya di sini!  Via @detikjabar_  https://t.co/MzU0o70kI0",Twitter User,twitter,11,1,0,0,117432,1,1,117435.82,0.39,0.9
2081713654265942212,https://x.com/detikcom/status/2081713654265942212,"Tukang parkir bernama Deni (45) mengaku melihat saat Sutrimo tergeletak di Klinik Mordent, Jaksel. Menurutnya orang-orang yang mengevakuasi Sutrimo bukan dari warga sekitar.  https://t.co/RfDWbpToJO https://t.co/h06L2OcuC0",detikcom,twitter,250,14,56,56,277208,3,31,277302.46,61.51,5.29
2080150344471110013,https://x.com/Twitter User/status/2080150344471110013,Hotman Paris mengundurkan diri dari pengacara eks Jampidsus Febrie Adriansyah. Mengapa? https://t.co/DzoIKi4kIL,Twitter User,twitter,58,35,13,13,532303,3,5,532324.92,26.79,5.45
2084160222940283074,https://x.com/detikcom/status/2084160222940283074,Seorang nenek berusia 61 tahun mendatangi Polsek Cakung setelah dirampok tetangganya. Ia datang dengan mulut dilakban dan melaporkan kehilangan barang berharga.  &gt;&gt; https://t.co/oD5Q5tyY7Q https://t.co/RVccfs6aNK,detikcom,twitter,1442,58,374,374,777494,21,130,778045.92,396.85,2.95
2083107902277972047,https://x.com/tempodotco/status/2083107902277972047,MBG Watch: MK Gagal Berperan sebagai Judicial Protection Hak Warga https://t.co/Nn7Yd1N1G0,tempodotco,twitter,19090,73,5771,5771,180475,95,190,187894.87,5799.75,49.01
2079776158082806166,https://x.com/Twitter User/status/2079776158082806166,Laporan dugaan penculikan atlet golf putri Jesslyn Wijaya Lay di sebuah restoran di Jakarta Pusat dicabut pelapor. Polisi mengungkap alasan dicabutnya laporan tersebut.  &gt;&gt; https://t.co/COUDcycIVX https://t.co/6b23enQjft,Twitter User,twitter,44,9,15,15,114180,2,15,114197.34,18.55,6.28
2075158017453015456,https://x.com/Twitter User/status/2075158017453015456,"Jaga Rumah Jampidsus, TNI: Sesuai Perpres Nomor 66 https://t.co/S0W4UMWq5H",Twitter User,twitter,3831,315,450,450,421164,140,176,422555.16,574.08,13.17
2082760612925628879,https://x.com/tempodotco/status/2082760612925628879,In Case You Missed It: Polisi yang Intimidasi Satpam di HI Pakai Alphard Pinjaman,tempodotco,twitter,4131,59,731,731,86518,38,64,88052.07,754.24,20.96
3945335906368748139,https://www.instagram.com/p/DbAphqCs_pr/,"Meisya Siregar mengungkapkan suaminya, Bebi Romeo, mengalami tekanan batin yang luar biasa akibat kejadian tersebut.⁣ ⁣ “Sepenggal cerita di Bali yang cukup memukul buat kami, tadinya nggak mau buka-buka videonya lagi. Nggak sanggup, Papa Bebi Romeo ",detikcom,instagram,15121,299,0,0,1700212,0,0,15121.0,7710.0,9.94
3945114193244628114,https://www.instagram.com/p/Da_3HTmsqSS/,"Presiden Amerika Serikat (AS) Donald Trump turut menjadi sorotan di final Piala Dunia 2026. Trump tetap berada di atas panggung saat Timnas Spanyol mengangkat trofi kemenangan usai berhasil mengalahkan Argentina.  Dilansir AFP, Senin (20/7/2026), Tru",detikcom,instagram,42638,1313,0,0,1127417,0,0,42638.0,21975.5,11.07
3937439838508028417,https://www.instagram.com/p/DakmKvyvhIB/,"Ziarah mengingatkan kami bahwa hidup ini sementara, tetapi doa dan kasih sayang akan selalu abadi. Ya Allah, berkahilah keluarga kami, jaga kami dari segala fitnah, sehatkan langkah kami, lapangkan rezeki kami, dan satukan kami dalam cinta-Mu hingga ",raffinagita1717,instagram,94202,679,0,0,2340548,0,0,94202.0,47440.5,16.48
3937939524365389718,https://www.instagram.com/p/DamXyIgxQ-W/,"Jampidsus Febrie Adriansyah mengakui rumah di kawasan Sentul, Bogor, Jawa Barat (Jabar), yang digeledah pihak kepolisian terkait tiga kasus korupsi merupakan rumah pribadinya. Di rumah tersebut ditemukan 74 kg emas dan uang ratusan miliar rupiah.  “Y",detikcom,instagram,12612,3432,0,0,582784,0,0,12612.0,8022.0,15.96
3937848290616583496,https://www.instagram.com/p/DamDCgdlKVI/,"Deretan karangan bunga berisi dukungan kepada Polri tampak berjajar di depan Gedung Direktorat Reserse Kriminal Khusus (Ditreskrimsus) Polda Metro Jaya, Kamis (9/7).⁠ ⁠ Karangan bunga ini muncul di tengah pengusutan tiga kasus korupsi, salah satunya ",kumparancom,instagram,12583,1511,0,0,406861,0,0,12583.0,7047.0,7.92
3951223138658680111,https://www.instagram.com/p/DbVkIKYDf0v/,"Sekelompok orca terekam menghancurkan bangkai ikan mola-mola berukuran besar di Teluk California, Meksiko. Para ilmuwan merekam fenomena ini dan memublikasikannya dalam jurnal Frontiers in Ethology. Dalam rekaman video bawah air, seekor orca betina m",kumparancom,instagram,8218,75,0,0,564342,0,0,8218.0,4146.5,4.85
3939547679738075571,https://www.instagram.com/p/DasFb36gJmz/,"Presiden Prabowo mengecam para pihak yang masih berupaya mencuri uang negara. Ia meminta para oknum pejabat menghentikan praktik rasuah.  Hal itu disampaikan Prabowo dalam acara Puncak Peringatan Hari Koperasi ke-79 di Indonesia Arena, Gelora Bung Ka",kumparancom,instagram,11907,4016,0,0,420651,0,0,11907.0,7961.5,17.75
3944427456504340251,https://www.instagram.com/p/Da9a9-LPR8b/,"Nenek berusia 90 tahun menjadi korban pemerkosaan di Kabupaten Grobogan, Jawa Tengah, Rabu (29/6/2026).  Pelaku, RU (31), masuk ke rumah, lalu mengancam korban. Saat itu, korban berada di rumah sendirian karena keluarganya sedang bertakziah.  Kapolse",kompascom,instagram,15356,2867,0,0,1095621,0,0,15356.0,9111.5,11.75
3951048459756626530,https://www.instagram.com/p/DbU8aP-JeJi/,"In this economy, we had to see it for ourselves 👀  Jadi kita nekat nyobain experience terbaru dari @pandorabox.id.official yang kali ini ngangkat tema relate di era sekarang. Bukan dikejar monster atau hantu, tapi dikejar pinjol. Yes, ini beneran.  L",ussfeeds,instagram,12769,19,0,0,282443,0,0,12769.0,6394.0,7.01
3942393475756526281,https://www.instagram.com/p/Da2Mfp_SQrJ/,Uang jajan dollar @pb_orado,willie27_,instagram,14543,325,0,0,428016,0,0,14543.0,7434.0,11.01
3955594182214894172,https://www.instagram.com/p/DblF_N6hUJc/,"(Baca artikel selengkapnya di www.idntimes.com)   Direktorat Jenderal Kependudukan dan Pencatatan Sipil (Dukcapil) Kementerian Dalam Negeri (Kemendagri) mengungkapkan fakta unik dari data kependudukan Indonesia. Berdasarkan pencatatan Dukcapil, keban",idntimes,instagram,8009,2123,0,0,328575,0,0,8009.0,5066.0,6.26
3950366351705838300,https://www.instagram.com/p/DbShURWFRLc/,"Suasana mencekam terjadi di Matraman Dalam, Menteng, Jakarta Pusat, saat sekelompok pemuda diduga hendak melakukan serangan balasan atas tewasnya rekan mereka dalam bentrokan.  Petugas mengamankan sejumlah senjata tajam, seperti pedang, parang, dan k",okezonecom,instagram,4153,332,0,0,157890,0,0,4153.0,2242.5,3.27
3949830830277094620,https://www.instagram.com/p/DbQnjaJjWzc/,"Kocak sekaligus bikin malu! Seorang pengendara motor kedapatan merokok, tidak memakai helm, dan berhenti di atas zebra cross saat lampu merah.  Aksinya terpantau melalui CCTV Dishub DKI Jakarta. Petugas yang dikenal sebagai Mpok Caca pun langsung men",okezonecom,instagram,10839,339,0,0,366256,0,0,10839.0,5589.0,8.63
3939706607480037650,https://www.instagram.com/p/Daspkk6G2ES/,"Seorang ibu hamil menjadi sorotan setelah diduga berkendara melawan arus di tengah kondisi lalu lintas yang ramai.  Dalam video yang beredar, sejumlah warga dan pengendara tampak berusaha menghentikan serta memintanya berbalik arah demi keselamatan. ",okezonecom,instagram,8828,2962,0,0,954208,0,0,8828.0,5895.0,-1.25
3956767030066227320,https://www.instagram.com/p/DbpQqZmEyh4/,"Public outrage continues to grow following the death of BPJS patient Yurizal Tri Chaerawan, who passed away on July 31, 2026. Before his death, he shared on social media that he had been left waiting for nearly eight hours without any certainty of be",folkative,instagram,153998,5877,0,0,0,0,0,153998.0,79937.5,15.61
3938057442834580469,https://www.instagram.com/p/DamymEpPQP1/,"Jenazah almarhum Rachmat Gobel diberangkatkan dari rumah duka menuju Taman Makam Pahlawan Nasional Utama Kalibata pada Jumat (10/7) sekitar pukul 13.50 WIB.⁣ ⁣ Sebelum diberangkatkan, prosesi diawali dengan upacara militer yang dipadukan dengan tradi",cnnindonesia,instagram,13222,248,0,0,630109,0,0,13222.0,6735.0,4.77
3943337519974213044,https://www.instagram.com/p/Da5jJTriGW0/,"Hotman Paris mengaku bersedia menjadi kuasa hukum mantan Jampidsus Febrie Adriansyah karena menilai rekam jejaknya baik dalam mengembalikan aset dan kerugian negara dari berbagai kasus korupsi.  Menurut Hotman, kinerja Febrie bahkan pernah mendapat a",okezonecom,instagram,35703,13483,0,0,1741933,0,0,35703.0,24593.0,7.67
3938915997976942435,https://www.instagram.com/p/Dap1zsbhNdj/,"PT Rans Entertainment Indonesia resmi melakukan IPO dan melantai di Bursa Efek Indonesia (BEI). Di tengah momen bersejarah tersebut, kesuksesan korporat ini justru diwarnai aksi romantis yang memikat perhatian publik.  Raffi Ahmad tampak memeluk dan ",newsrans,instagram,56219,895,0,0,2615801,0,0,56219.0,28557.0,12.25
3950483554075542852,https://www.instagram.com/p/DbS79yjsgVE/,Pencarian dosen Kampus Malaka masih berlanjut✋🏻  Tertarik jadi bagian dari Kampus Malaka? Daftar di sini 👉 bit.ly/dosenmalakakampus  Atau klik link di bio @menujukampusmalaka  Periode pendaftaran: 27-29 Juli 2026  #Malaka #MenujuKampusMalaka,menujukampusmalaka,instagram,24628,559,0,0,0,0,0,24628.0,12593.5,14.28
3943928167579700821,https://www.instagram.com/p/Da7pcXIPs5V/,"SyukuRANS ...   Terima kasih atas semua doa, dukungan, perhatian, dan kasih sayang yang telah kalian berikan hingga kami bisa sampai di titik ini. Setiap semangat, pengorbanan, dan kepercayaan yang kalian berikan menjadi kekuatan yang mengantarkan ka",raffinagita1717,instagram,193159,1275,0,0,5107074,0,0,193159.0,97217.0,8.71
3947335133497452470,https://www.instagram.com/p/DbHwGPZiOe2/,"Dapat Bunga saat Toss Bouquet di Pernikahan Nathalie Holscher, Dinar Candy Segera Nyusul? . Simak terus update berita tentang dunia entertainment, kalau bukan sekarang, KapanLagi? #kapanlagi #selebriti #klkpt #kapanlagiwhatshot #kapanlagihariini #lif",kapanlagicom,instagram,8571,152,0,0,776630,0,0,8571.0,4361.5,12.74
3940815891651441641,https://www.instagram.com/p/DawlyyTGTPp/,"Tahun ajaran baru 2026/2027 resmi dimulai pada Senin (13/7), menandai hari pertama siswa baru menginjakkan kaki di sekolah mereka. Berbagai momen MPLS dari seluruh Indonesia terekam di media sosial, mulai dari guru PJOK yang perkenalkan diri dengan p",infipop.id,instagram,29782,336,0,0,0,0,0,29782.0,15059.0,17.42
3942459458160147772,https://www.instagram.com/p/Da2bf05A708/,"Kedua tersangka kini telah ditahan dan dijerat Pasal 462 KUHPidana terkait bunuh diri dengan ancaman hukuman 4 tahun penjara. Salah satu pelaku, FR, sempat berkonsultasi dengan AI setelah korban melompat dari apartemen.⁣ ⁣ Kasat Reskrim Polrestabes M",detikcom,instagram,13657,1274,0,0,1222533,0,0,13657.0,7465.5,7.86
3938503848831053680,https://www.instagram.com/p/DaoYGIoFW9w/,"Dalam sebuah video, terekam momen pilu ketika seorang anak perantau akhirnya pulang ke kampung halaman. Namun, ia tidak sempat bertemu dengan sang ibu untuk terakhir kalinya.   Sebelumnya, sang ibu diketahui tengah berjuang melawan penyakit dan selal",okezonecom,instagram,20698,435,0,0,598234,0,0,20698.0,10566.5,3.07
3943033176889540712,https://www.instagram.com/p/Da4d8iGFMBo/,"Azis Suraji, warga Pancoran Mas, Depok, ngaku dapat tindakan tak menyenangkan dari tetangganya sejak 2024. Rumahnya pernah dilempari telur, sampah, sampai helm, motornya pun rusak. Suraji bilang tak tahu pemicu kelakukan tetangganya itu. Ancaman verb",kumparancom,instagram,9835,1056,0,0,518182,0,0,9835.0,5445.5,4.62
3937937202547730199,https://www.instagram.com/p/DamXQWJpycX/,"Jampidsus Kejagung Febrie Adriansyah menanggapi soal penggeledahan sebuah rumah di kawasan Sentul, Kabupaten Bogor, terkait penanganan perkara korupsi. Penggeledahan itu dilakukan oleh Kortastipidkor Polri dan Polda Metro Jaya, pada Rabu (8/7). Febri",kumparancom,instagram,10352,2282,0,0,389540,0,0,10352.0,6317.0,9.41
3946618924749672256,https://www.instagram.com/p/DbFNQCBic9A/,"Kejaksaan Tinggi (Kejati) Jawa Timur menetapkan eks Direktur Utama Perusahaan Daerah Taman Satwa (PDTS) Kebun Binatang Surabaya (KBS) periode 2016-2024, Chairul Anwar, sebagai tersangka kasus dugaan korupsi anggaran pakan hewan.  Asisten Tindak Pidan",kumparancom,instagram,9676,2601,0,0,264630,0,0,9676.0,6138.5,5.76
3941017553958893197,https://www.instagram.com/p/DaxTpW9THaN/,"Sekretaris Kabinet Teddy Indra Wijaya memberikan pembekalan selama tiga jam untuk para taruna Akademi Militer di Magelang, Jawa Tengah. Teddy hadir di Akmil pada 13 Juli 2026.  Dalam kesempatan tersebut, Teddy hadir bersama delapan pembicara lainnya ",tempodotco,instagram,9299,1234,0,0,566407,0,0,9299.0,5266.5,8.61
3952540833169754466,https://www.instagram.com/p/DbaPvJBT0li/,"Kegigihan pasangan suami istri itu akhirnya membuahkan hasil di usia sang istri yang menginjak 45 tahun dan sang suami yang berusia 64 tahun, mereka berhasil menimang bayi. Wolipop sudah menghubungi dr. Benny dan memberikan izin untuk mengutip postin",detikcom,instagram,22457,553,0,0,514354,0,0,22457.0,11505.0,7.98
3948136618242795752,https://www.instagram.com/p/DbKmVYPEujo/,Gubernur DKI Jakarta Pramono Anung menyebut mobil Alphard yang diduga menerobos lampu merah di Bundaran Hotel Indonesia (HI) menggunakan pelat nomor palsu. Adapun insiden pengendara mobil Alphard melanggar lalu lintas viral di media sosial karena ber,okezonecom,instagram,4139,549,0,0,107592,0,0,4139.0,2344.0,6.11
3950216919256675705,https://www.instagram.com/p/DbR_VviCDV5/,"Suasana mencekam terjadi di Matraman Dalam, Menteng, Jakarta Pusat, saat sekelompok pemuda diduga hendak melakukan serangan balasan atas tewasnya rekan mereka dalam bentrokan.  Petugas mengamankan sejumlah senjata tajam, seperti pedang, parang, dan k",okezonecom,instagram,10409,1208,0,0,351889,0,0,10409.0,5808.5,5.6
3937951096949081013,https://www.instagram.com/p/DamaaiUgoO1/,"Jaksa Agung Muda Tindak Pidana Khusus (Jampidsus) Kejaksaan Agung, Febrie Adriansyah, muncul pertama kali ke publik di tengah penyidikan yang dilakukan Korps Pemberantasan Tindak Pidana Korupsi (Kortastipidkor) Polri. Ia meminta publik tidak berspeku",kumparancom,instagram,8834,2776,0,0,321536,0,0,8834.0,5805.0,17.88
3937592340171525945,https://www.instagram.com/p/DalI18COQ85/,"Polda Metro Jaya kembali melakukan penggeledahan terkait kasus dugaan korupsi. Kali ini, polisi menggeledah ruko yang berlokasi di kawasan Cipete, Jakarta Selatan (Jaksel).⁣ Informasi penggeledahan ini dibenarkan oleh Kabid Humas Polda Metro Jaya Kom",detiknewsofficial,instagram,39647,1485,0,0,1069858,0,0,39647.0,20566.0,11.46
3946083234626203762,https://www.instagram.com/p/DbDTctuBPBy/,"Tantri Kotak mengatakan kejadian berlangsung cepat. Beruntung, tim pengamanan yang berada di sisi panggung sigap bergerak cepat mengamankan pria tersebut.  “Cuma ya itu karena aku baru banget selesai, jadi masih kayak sadar nggak sadar juga pas balik",detikcom,instagram,12674,266,0,0,694080,0,0,12674.0,6470.0,2.33
3950508359710993647,https://www.instagram.com/p/DbTBmwmyOzv/,"(Berita selengkapnya cek IG Stories @kompascom)  Kuasa hukum eks Jaksa Agung Muda Tindak Pidana Khusus (Jampidsus) Febrie Adriansyah, Febri Diansyah mengatakan, kliennya tidak mendapatkan perlakuan khusus selama ditahan di Rumah Tahanan (Rutan) Komis",kompascom,instagram,10424,6061,0,0,0,0,0,10424.0,8242.5,39.21
3943046003400931447,https://www.instagram.com/p/Da4g3LtvHh3/,"Advokat Hotman Paris Hutapea mendatangi Gedung Jaksa Agung Muda Tindak Pidana Khusus (Jampidsus) Kejaksaan Agung pada Jumat pagi, 17 Juli 2026.  Berdasarkan informasi yang diperoleh Tempo, Hotman Paris akan ditunjuk sebagai kuasa hukum mantan Jaksa A",tempodotco,instagram,20684,2370,0,0,789911,0,0,20684.0,11527.0,4.09
3943934693488741413,https://www.instagram.com/p/Da7q7U2vEwl/,"Rasanya ingin sekali melihat senyummu, mendengar ucapan selamatmu, dan memelukmu sambil berkata, “Pa, kami sudah sampai di titik ini .....”  Tapi kami tahu, meski ragamu tak lagi bersama kami, kasih sayangmu tidak pernah benar-benar pergi. Doa, didik",raffinagita1717,instagram,129352,3148,0,0,2754740,0,0,129352.0,66250.0,16.27
3941645459680568685,https://www.instagram.com/p/DazialuyqVt/,"Kelangkaan solar bersubsidi di Palembang dan Medan menyebabkan antrean panjang hingga berjam-jam, memicu korban jiwa, kerugian ekonomi, dan dugaan mafia distribusi, dengan kesenjangan besar antara permintaan dan realisasi kuota sebagai akar masalah.S",cretivox,instagram,54438,2963,0,0,789540,0,0,54438.0,28700.5,7.9
3938111461700986208,https://www.instagram.com/p/Dam-4JolOVg/,"Polda Metro Jaya meningkatkan keamanan di markasnya, jelang konferensi pers terkait kasus blackout hingga ASABRI. Berdasarkan pantauan kumparan, sejumlah personel Brimob sudah disebar di sejumlah titik di sekitar markas. ⁠ ⁠ Penjagaan paling ketat ju",kumparancom,instagram,16705,1266,0,0,355407,0,0,16705.0,8985.5,5.2
3951793713188873569,https://www.instagram.com/p/DbXl3HUPqVh/,"Viral, video Lurah Pasir Jaya Syerly diduga ejek warga yang mengeluhkan lampu penerangan jalan umum kepada Wali Kota Medan Rico Waas.  Terkait kejadian itu, Inspektorat Kota Medan memanggil dan meminta klarifikasi langsung kepada Syerly.  ""Hasil peme",kompascom,instagram,8160,1491,0,0,389025,0,0,8160.0,4825.5,8.19
3945154654059380173,https://www.instagram.com/p/DbAAUFrMD3N/,"Ada momen haru di balik kemenangan Spanyol atas Argentina di Piala Dunia 2026. Lamine Yamal menghampiri dan memeluk Messi usai pertandingan berakhir dengan skor 1-0 untuk Spanyol.  Momen tersebut sukses mencuri perhatian warganet, di mana dua pemain ",infipop.id,instagram,82854,432,0,0,1176868,0,0,82854.0,41643.0,20.09
3951851174479119626,https://www.instagram.com/p/DbXy7SUCcUK/,"Illustrator Wira Tama atau @wirtams memanfaatkan komik sebagai medium untuk menyampaikan kritik terhadap isu sosial dan politik di Indonesia. Dengan gaya visual yang terinspirasi komik klasik, dipadukan humor satir, ironi, dan simbol-simbol yang muda",ussfeeds,instagram,117575,216,0,0,0,0,0,117575.0,58895.5,22.23
3941866889760659476,https://www.instagram.com/p/Da0Uw0kDtgU/,"Menteri Pekerjaan Umum Dody Hanggodo membantah mutasi pejabat di kementeriannya terkait bocornya dokumen rencana perjalanan dirinya dan keluarga ke Amerika Serikat.  Dody menegaskan, mutasi tersebut merupakan hal biasa dan tidak ada hubungannya denga",okezonecom,instagram,7558,3345,0,0,417446,0,0,7558.0,5451.5,7.94
3943628118384245797,https://www.instagram.com/p/Da6lOEiiPwl/,"Seorang pilot di Inggris punya cara unik untuk mengusir rasa bosan saat menerbangkan pesawat. Di tengah penerbangan uji coba, ia membuat pola di langit hingga membentuk tulisan ""I'm bored"" atau ""Saya bosan"".⁣ ⁣ Dilansir dari CNN, aksi tersebut tereka",detikcom,instagram,12290,216,0,0,720162,0,0,12290.0,6253.0,5.61
3955883182742524162,https://www.instagram.com/p/DbmHsuoT1EC/,"Dua helikopter pemadam kebakaran bertabrakan usai melakukan operasi pemadaman kebakaran hutan di Psatha, Attika Barat, Yunani, pada Minggu (2/8).  Kedua helikopter sempat terbang saling mendekat dan bersilangan sehingga rotor helikopter yang terbang ",cnnindonesia,instagram,1342,21,0,0,98408,0,0,1342.0,681.5,-5.13
3956229525875079343,https://www.instagram.com/p/DbnWcrzsjiv/,"Sebuah video yang beredar di media sosial memperlihatkan warga di India ramai-ramai mengambil tanaman hias dan bermain di air mancur dekoratif di Bandara Internasional Alluri Sitarama Raju, Bhogapuram, Andhra Pradesh pada Sabtu (1/8). Video tersebut ",infipop.id,instagram,3046,225,0,0,173008,0,0,3046.0,1635.5,0.68
3954848106244172015,https://www.instagram.com/p/DbicWYhT2jv/,“YaAllah kenapa ini terjadi” 😭😭😭  🎥: kak.ros7120 | TikTok,dagelan,instagram,63355,4152,0,0,2927299,0,0,63355.0,33753.5,9.43
3947381927123760602,https://www.instagram.com/p/DbH6vLXAjXa/,"Pengacara kondang Hotman Paris Hutapea mengundurkan diri sebagai pengacara Eks Jampidsus Kejagung, Febrie Adriansyah yang terjerat kasus dugaan korupsi dan TPPU. Mundurnya Hotman Paris sebagai pengacara Febrie karena masalah kesehatannya.  Hotman Par",okezonecom,instagram,5476,3033,0,0,360163,0,0,5476.0,4254.5,12.53
3941613856722466946,https://www.instagram.com/p/DazbOtLsziC/,"Sebuah video yang diperoleh Reuters memperlihatkan seorang penyanyi Thailand tengah tampil di sebuah pub di Bangkok pada Minggu (12/7), beberapa saat sebelum bandnya mengonfirmasi bahwa sang penyanyi tewas dalam kebakaran hebat yang melanda tempat hi",detikcom,instagram,10102,286,0,0,864901,0,0,10102.0,5194.0,8.1
3938008087860462099,https://www.instagram.com/p/DamnX3PicIT/,"Salah satu prajurit TNI merampas telepon genggam wartawan Tempo dan memaksa penghapusan foto-foto personel TNI yang berjaga saat peliputan di kompleks Kejaksaan Agung, Jakarta Selatan, 9 Juli 2026. Peristiwa itu terjadi ketika wartawan Tempo mendokum",tempodotco,instagram,16716,604,0,0,0,0,0,16716.0,8660.0,9.95
3954684460654003750,https://www.instagram.com/p/Dbh3JBsCgYm/,"Kapal KM Mutiara Sentosa 2 rute Surabaya-Makassar terbakar di perairan utara Sumenep, Madura, Minggu (2/8).⁠ ⁠ Kebakaran menyebabkan asap hitam pekat membubung dari badan kapal. Sejumlah penumpang bahkan nekat melompat ke laut untuk menyelamatkan dir",kumparancom,instagram,6190,218,0,0,301283,0,0,6190.0,3204.0,7.0
3952617392243398614,https://www.instagram.com/p/DbahJONstfW/,Rafathar 🥊🥊🥊,raffinagita1717,instagram,212991,2275,0,0,4985838,0,0,212991.0,107633.0,14.13
3953920429382976680,https://www.instagram.com/p/DbfJa6HiESo/,Ribuan aparatur sipil negara (ASN) mengundurkan diri sepanjang semester pertama 2026. Penghasilan tidak sebanding hingga minimnya kebebasan berpendapat menjadi sorotan.   Simak berita selengkapnya di tempo.co/plus atau klik link in bio.  #Tempo #TUnd,tempodotco,instagram,15537,737,0,0,339915,0,0,15537.0,8137.0,7.34
3945331793259431694,https://www.instagram.com/p/DbAolzaSIcO/,"Presiden Prabowo Subianto menanggapi kritik terhadap program Makan Bergizi Gratis (MBG) untuk siswa, ibu hamil, dan lansia. Ia membandingkan kritik tersebut dengan kekayaan negara yang menurutnya telah hilang selama bertahun-tahun tanpa mendapat perh",kumparancom,instagram,3814,2156,0,0,164775,0,0,3814.0,2985.0,11.5
3952357631763179813,https://www.instagram.com/p/DbZmFNajGkl/,"Presiden Prabowo Subianto, resmi melantik 1.024 Praja Institut Pemerintahan Dalam Negeri (IPDN) Angkatan XXXIII sebagai Calon Pegawai Negeri Sipil (CPNS) dalam upacara di Lapangan Parade Kampus IPDN Jatinangor, Kabupaten Sumedang, Jawa Barat, Rabu (2",okezonecom,instagram,1713,168,0,0,124694,0,0,1713.0,940.5,7.15
3944727238256225013,https://www.instagram.com/p/Da-fIXsEer1/,"Seorang pria di Banten memergoki seseorang yang diduga hendak membawa sepeda motornya. Alih-alih marah, pemilik motor justru tetap tenang dan bertanya, “Mau dibawa ke mana motornya?”  Orang tersebut kemudian berdalih hanya ingin mengisi bensin. Sikap",okezonecom,instagram,8849,328,0,0,987082,0,0,8849.0,4588.5,10.63
3950024532022829988,https://www.instagram.com/p/DbRTmI9TKOk/,"Wakil Presiden Gibran Rakabuming Raka kembali menegaskan pentingnya percepatan pengesahan RUU Perampasan Aset. Melalui unggahan ulang video di akun Instagram pribadinya, Gibran menilai koruptor harus dimiskinkan agar pemberantasan korupsi di Indonesi",detikcom,instagram,7498,2109,0,0,325469,0,0,7498.0,4803.5,4.34
3945932158962335913,https://www.instagram.com/p/DbCxGRivYCp/,Keberadaan atlet golf Jesslyn Wijaya hingga kini masih menjadi misteri setelah dilaporkan diduga diculik saat menghadiri pesta ulang tahun neneknya di sebuah restoran pada Senin (13/7/2026).  Kasat Reskrim Polres Metro Jakarta Pusat AKBP Roby Heri Sa,kompascom,instagram,3129,143,0,0,221948,0,0,3129.0,1636.0,2.34
3945298173520601514,https://www.instagram.com/p/DbAg8klsWGq/,"Final Piala Dunia FIFA 2026 benar-benar bikin sejarah!🔥⚽⁣ ⁣ Untuk pertama kalinya, final Piala Dunia menghadirkan halftime show yang diisi deretan musisi kelas dunia. ⁣ ⁣ Mulai dari Madonna, BTS, Justin Bieber, hingga Shakira sukses memanaskan suasan",detikpop,instagram,11120,77,0,0,392533,0,0,11120.0,5598.5,8.75
3938088124450390837,https://www.instagram.com/p/Dam5kjIDMM1/,"Seorang remaja putri di Kabupaten Sampang, Jawa Timur, diduga menjadi korban kekerasan seksual yang dilakukan oleh 27 pria dalam rentang Februari hingga Mei 2026. Hingga kini, polisi telah menangkap dan menetapkan 12 orang sebagai tersangka, sementar",kumparancom,instagram,6844,499,0,0,361495,0,0,6844.0,3671.5,10.34
3948247812822574629,https://www.instagram.com/p/DbK_neQgKYl/,⚠️ PERINGATAN Aksi dalam video ini sangat berbahaya. Jangan ditiru!  Video seorang pria bergelantungan di luar kereta rel listrik (KRL) viral di media sosial (medsos). Petugas KAI Commuter Indonesia (KCI) mengamankan pria tersebut.  Public Relations ,detikcom,instagram,3638,151,0,0,455503,0,0,3638.0,1894.5,2.24
3940157206023875101,https://www.instagram.com/p/DauQBpgP6od/,"Sebanyak 27 orang tewas dalam kebakaran besar di sebuah bar di Bangkok, Thailand pada Minggu (12/7).  Kebakaran itu juga menyebabkan setidaknya 63 orang dirawat di rumah sakit karena luka-luka, termasuk 22 kritis.  Petugas mengatakan sejumlah korban ",cnnindonesia,instagram,6571,103,0,0,267487,0,0,6571.0,3337.0,4.95
3955345531258208125,https://www.instagram.com/p/DbkNc3qkv99/,"Unggah Bukti CCTV, Sarwendah Klaim Dugaan Selingkuh Ruben Sejak 2017 . Simak terus update berita tentang dunia entertainment, kalau bukan sekarang, KapanLagi? #kapanlagi #selebriti #klkpt #kapanlagiwhatshot #kapanlagihariini #kontroversiseleb #update",kapanlagicom,instagram,25026,1877,0,0,3707577,0,0,25026.0,13451.5,4.39
3952493280235392646,https://www.instagram.com/p/DbaE7J5jI6G/,"Dalam video yang beredar, para pelaku tampak berusaha kabur usai aksinya gagal. Warga langsung mengejar mereka, bahkan salah satu pelaku terlihat ditendang hingga terjatuh.  Video lain memperlihatkan ketiga pelaku sudah dalam kondisi tangan terikat s",detikcom,instagram,15351,794,0,0,533957,0,0,15351.0,8072.5,3.14
3951917714579337506,https://www.instagram.com/p/DbYCDknEzEi/,"Khoirul Anwar, seorang pedagang martabak mini di Jalan AMD Raya, Larangan, Kota Tangerang, menjadi korban pencurian saat tertidur di samping gerobaknya pada Selasa (28/7) siang. Saat terbangun, tas selempang miliknya sudah raib dibawa pencuri yang di",kumparancom,instagram,7315,465,0,0,441219,0,0,7315.0,3890.0,9.61
3951323030949569633,https://www.instagram.com/p/DbV61yUkaRh/,"Mobil yang terparkir di area SPBU tiba-tiba meluncur sendiri saat sang sopir pergi ke toilet. Diduga, kendaraan diparkir di lokasi yang sedikit menurun sehingga bergerak tanpa pengemudi.  Beruntung, petugas SPBU yang melihat kejadian itu langsung ber",okezonecom,instagram,5523,292,0,0,270282,0,0,5523.0,2907.5,11.49
3938932392147734186,https://www.instagram.com/p/Dap5iQsPs6q/,"After giving her sister a haircut, it's now her turn @raffinagita1717 , thankyouuu both of you ❤️✨️ @cacatengker , fullteam ga tuhhh..  . . . #hairidea #hairinstagram #haireels #hairinspo #haircut",nana.parlour,instagram,98431,744,0,0,3541329,0,0,98431.0,49587.5,12.22
3953061858718283484,https://www.instagram.com/p/DbcGND4DHbc/,Seorang atlet angkat besi asal Thailand mencuri perhatian usai sukses menyelesaikan angkatan clean and jerk seberat 124 kilogram dengan teknik yang mulus dan penuh percaya diri.  Ekspresi wajah sang atlet sesaat setelah angkatan selesai justru ramai ,okezonecom,instagram,977,145,0,0,137001,0,0,977.0,561.0,6.09
3953391536087444954,https://www.instagram.com/p/DbdRKf2hy3a/,"Wali Kota Bandung Muhammad Farhan mengamuk saat meninjau lokasi penebangan 10 pohon tanpa izin di Jalan LLRE Martadinata, Kota Bandung, Jumat (31/7/2026).   Dalam video yang beredar, Farhan terlihat berteriak kepada orang-orang di sekitar lapangan pa",kompascom,instagram,16138,922,0,0,922386,0,0,16138.0,8530.0,9.5
3939273363378041055,https://www.instagram.com/p/DarHEC5TnDf/,"Seorang model asal Rusia, Anastasia Kostromitina, viral karena disebut memiliki kemiripan dengan bintang Timnas Norwegia, Erling Haaland.  Perempuan berusia 24 tahun itu mengunggah video meniru gaya Haaland di Instagram.  Videonya itu viral dengan di",cnnindonesia,instagram,3967,22,0,0,119767,0,0,3967.0,1994.5,2.23
3945314509144327819,https://www.instagram.com/p/DbAkqSUvgaL/,"Presiden Prabowo Subianto mengatakan, program pemberian makan bergizi kepada anak-anak Indonesia diserang karena dinilai memboroskan anggaran.   Namun, Prabowo merasa heran karena pihak-pihak yang mengkritik kebijakan itu tak memprotes saat uang Indo",kompascom,instagram,4067,3684,0,0,201078,0,0,4067.0,3875.5,12.19
3953331314682009328,https://www.instagram.com/p/DbdDeKTDJbw/,"Kasihumas Polres Tulungagung, Iptu Nanang Murdiyanto mengatakan korban berinisial BNW (39) dari proses visum luar ditemukan luka pada pelipis kiri dan gigi patah. Luka tersebut diduga akibat korban terjatuh.  ""Kami tidak menemukan adanya kejanggalan ",detikcom,instagram,5980,271,0,0,382055,0,0,5980.0,3125.5,12.25
3942807017912139715,https://www.instagram.com/p/Da3qhfIkf_D/,"Aksi penolakan terhadap LGBT kembali menjadi sorotan. Kali ini, sejumlah warga di Bogor menggelar gerakan yang mereka sebut “Bogor Bersih LGBT”.  Dalam video yang beredar di media sosial, terlihat sejumlah warga mendatangi, merekam, dan meminta indiv",okezonecom,instagram,18114,3847,0,0,645326,0,0,18114.0,10980.5,10.25
3950242423976703675,https://www.instagram.com/p/DbSFI4pzza7/,"Rekaman video beredar di media sosial, memperlihatkan kepanikan di restoran Mie Gacoan, Matraman, Jakarta Pusat, Senin (27/7/2026) dini hari.  Kepanikan itu imbas adanya konflik sekelompok warga di Jalan Tambak. Polisi memberikan penjelasannya.  #mat",detiknewsofficial,instagram,10448,529,0,0,709780,0,0,10448.0,5488.5,13.74
3954101636032929321,https://www.instagram.com/p/Dbfynz9iJ4p/,"Sebuah momen haru terjadi saat seorang anggota polisi Polres Lamongan menggelar kegiatan berbagi tas sekolah dan paket makan Jumat Berkah di SD Desa Sidobinangun, Kecamatan Deket, Lamongan. Di tengah kegiatan itu, ia tak menyangka bisa bertemu kembal",indozone.id,instagram,190148,1090,0,0,2952852,0,0,190148.0,95619.0,6.25
3940256537200970721,https://www.instagram.com/p/DaumnG3xkvh/,"Kapolri Jenderal Listyo Sigit Prabowo bersilaturahmi dengan Jaksa Agung ST Burhanuddin di Kantor Kejagung, Jakarta Selatan. Burhanuddin menyebut Sigit sebagai sahabat.  Burhanuddin mengatakan kedatangan Sigit dan jajaran Polri bukan hal baru. Dia men",detikcom,instagram,33352,6745,0,0,1232634,0,0,33352.0,20048.5,15.36
3951288878552076749,https://www.instagram.com/p/DbVzEzbDFHN/,GOOOLLL! ⚽🔥  Malaysia berhasil membuka keunggulan lewat gol ke gawang Laos pada laga Piala AFF malam ini. Aksi apik di depan gawang membuat Harimau Malaya semakin percaya diri untuk mengamankan poin penting di pertandingan ini.  Mampukah Malaysia me,okezonecom,instagram,2207,37,0,0,145578,0,0,2207.0,1122.0,3.13
3952002340588833251,https://www.instagram.com/p/DbYVTCuT0nj/,"Inspektur Kota Medan Erfin Fahrurrazi mengatakan, pemeriksaan mengacu pada Pasal 4 huruf f Perwal Kota Medan Nomor 58 Tahun 2023. Di mana aturan tersebut secara tegas mengamanatkan bahwa setiap pegawai ASN wajib menunjukkan integritas dan keteladanan",detikcom,instagram,10623,931,0,0,530669,0,0,10623.0,5777.0,5.85
3951164272292738701,https://www.instagram.com/p/DbVWvizOTaN/,"Gempa besar magnitudo 7,1 mengguncang Pulau Kyushu, Jepang, pada Selasa (28/7). Guncangan kuat itu sempat memicu peringatan tsunami.⁣ ⁣ Gempa ini turut menyebabkan sejumlah bangunan ambruk, kebakaran, serta kerusakan pada jalan dan jembatan. Badan Me",detiknewsofficial,instagram,7403,153,0,0,366397,0,0,7403.0,3778.0,6.27
3954627170639435496,https://www.instagram.com/p/DbhqHWNElbo/,"Pendaki asal Nepal, Nirmal Purja, meninggal dunia bersama sembilan anggota rombongannya setelah tertimbun longsoran salju di Broad Peak, Pakistan, pada Kamis, 30 Juli 2026. Konfirmasi disampaikan perusahaan ekspedisi miliknya, Elite Exped, dua hari k",volix.media,instagram,64274,505,0,0,0,0,0,64274.0,32389.5,11.25
3954675227942821057,https://www.instagram.com/p/Dbh1CrDkZzB/,"Menteri Energi dan Sumber Daya Mineral (ESDM) Bahlil Lahadalia akhirnya bertemu dengan sosok di balik lagu viral ""MBG"" yang sempat ramai di media sosial.⁠ ⁠ Momen pertemuan itu dibagikan melalui akun Instagram Bahlil @melangkahdaritimur.id pada Mingg",kumparancom,instagram,8681,473,0,0,452911,0,0,8681.0,4577.0,5.44
3937936332366353452,https://www.instagram.com/p/DamXDruzRQs/,Kejaksaan Agung meminta masyarakat tidak mengaitkan seseorang atau suatu institusi dengan dugaan tindak pidana korupsi hanya berdasarkan informasi yang beredar di media massa maupun media sosial.  Imbauan itu disampaikan Kepala Pusat Penerangan Hukum,tempodotco,instagram,5552,1118,0,0,163414,0,0,5552.0,3335.0,9.93
3942184301969360830,https://www.instagram.com/p/Da1c7xuAUe-/,Potret legendaris @LeoMessi lagi menggendong bayi @LamineYamal kembali jadi sorotan jelang final Piala Dunia 2026. Momen yang diabadikan pada tahun 2007 itu terasa makin spesial dan ajaib karena kini keduanya bakal saling face to face di partai punca,ussfeeds,instagram,84707,576,0,0,0,0,0,84707.0,42641.5,27.48
3946694229823948417,https://www.instagram.com/p/DbFeX3VvYaB/,Seorang ibu bernama Karina Chandra masih harus menghadapi proses hukum setelah dilaporkan suaminya karena melahirkan tidak sesuai keinginan sang suami.   Laporan dugaan penggelapan asal-usul anak itu tercatat pada 8 Juni 2026 dan kini masih dalam tah,kompascom,instagram,3334,774,0,0,192635,0,0,3334.0,2054.0,2.73
3953144408186686655,https://www.instagram.com/p/DbcY-UDygy_/,"Ribuan migran berenang dari Maroko menuju Ceuta, wilayah kantong Spanyol di Afrika Utara, Kamis (30/7/2026).   Kepala Pemerintahan Ceuta Juan Jesús Vivas mengatakan, kondisi ini menjadi keadaan darurat kemanusiaan dan keamanan di Ceuta. Menurut Vivas",kompascom,instagram,6719,624,0,0,400563,0,0,6719.0,3671.5,2.28
3948632305446993581,https://www.instagram.com/p/DbMXCk6zL6t/,duhh gagah pisann eyy @willie27_ @speedtuning.id,_rifkaallll_,instagram,210288,1593,0,0,3798313,0,0,210288.0,105940.5,14.96
3940889283381014629,https://www.instagram.com/p/Daw2exrEbBl/,Video yang memperlihatkan food vlogger asal Korea Selatan dengan akun YouTube kellykorea diduga mendapat perlakuan kurang menyenangkan di sebuah restoran Indonesia kembali menjadi sorotan.   Meski video tersebut sebenarnya telah diunggah sekitar dua ,detikcom,instagram,10843,1660,0,0,1004469,0,0,10843.0,6251.5,11.35
3948084563783991041,https://www.instagram.com/p/DbKaf4vjD8B/,"Sekuriti berinisial FH yang sempat terlibat cekcok dengan pengemudi Alphard di kawasan Bundaran HI, Jakarta Pusat, disebut mengalami intimidasi usai menegur mobil yang diduga menerobos lampu merah penyeberangan. Hal itu disampaikan kuasa hukum FH, Wi",kumparancom,instagram,10512,1675,0,0,405365,0,0,10512.0,6093.5,9.79
3946069876573126708,https://www.instagram.com/p/DbDQaVEAsA0/,"Aksi pencurian sepeda motor di halaman Kantor Kecamatan Tanjungkarang Pusat, Kota Bandar Lampung, berakhir gagal setelah pelaku dipergoki pegawai saat membobol kunci kendaraan, Senin (20/7/2026) pagi. Sebelum kabur, salah seorang pelaku bahkan sempat",liputan6,instagram,8758,730,0,0,732335,0,0,8758.0,4744.0,4.04
3943234960277443047,https://www.instagram.com/p/Da5L03hPRHn/,"MBG Watch menyampaikan kritik dan aspirasi terkait pelaksanaan program Makan Bergizi Gratis (MBG) dalam Rapat Dengar Pendapat Umum (RDPU) bersama Komisi IX DPR RI, Kamis (16/7).  Dalam forum tersebut, anggota MBG Watch, Media Wahyudi Askar, menyinggu",kompascom,instagram,51910,2910,0,0,865219,0,0,51910.0,27410.0,17.68
3955377035852120318,https://www.instagram.com/p/DbkUnUmtAD-/,"Bea Cukai Bandara Soekarno Hatta (Soetta) mengunggah rekaman CCTV yang menunjukkan gerak-gerik pilot Malaysia Airlines bernama Mohd Saufi bin Othman (39) yang merupakan kurir 26 Kg ekstasi. ⁣ ⁣ Saufi, yang bertugas sebagai kopilot dalam penerbangan k",detiknewsofficial,instagram,10190,451,0,0,741168,0,0,10190.0,5320.5,7.04
3948152263168381409,https://www.instagram.com/p/DbKp5CtTlHh/,Presiden Prabowo Subianto mengatakan bahwa kelompok ‘londo ireng’ masih ada hingga saat ini dengan identitas yang berbeda. “Kita tahu ada orang-orang Indonesia yang senang mengabdi dan berbakti kepada bangsa lain. Itu yang dulu kita sebut ‘londo iren,tempodotco,instagram,21530,5198,0,0,446825,0,0,21530.0,13364.0,19.07
3951277767543099429,https://www.instagram.com/p/DbVwjHfThAl/,"Wangsa Kartika, salah seorang pegawai di toko Yoga Shanty, saat ditemui detikBali, Selasa (28/7/2026) menyebut tidak tahu soal identitas perempuan asing itu. Dia hanya mengingat ciri-cirinya, yakni berambut gelap, memakai baju hijau, celana pendek, d",detikcom,instagram,11771,717,0,0,1010569,0,0,11771.0,6244.0,3.9
3951008599857192861,https://www.instagram.com/p/DbUzWNjAF-d/,Momen mengharukan terjadi di Polres Situbondo. Seorang anak laki-laki nekat datang sendirian ke kantor polisi demi bertemu ayahnya yang tengah menjalani masa penahanan di sana.   Pelukan erat lewat jeruji menjadi gambaran kerinduan yang tak terucap l,detikcom,instagram,6413,169,0,0,245302,0,0,6413.0,3291.0,4.46
3947292043034375029,https://www.instagram.com/p/DbHmTMRyjN1/,"Dalam video CCTV yang beredar, terlihat lampu merah di penyeberangan jalan sudah merah. Tapi bukannya ngerem, pengemudi Alphard malah tancap gas. Eh pas ditegur satpam malah nggak terima. Haduuuuh~~~  Padahal dalam UU no.22 tahun 2009 tentang Lalu Li",detikoto,instagram,14004,1752,0,0,668195,0,0,14004.0,7878.0,6.44
3940963182304374935,https://www.instagram.com/p/DaxHSJaJTCX/,"Bupati Gowa, Sitti Husniah Talenrang, memenuhi panggilan Panitia Khusus (Pansus) sebagai terperiksa dalam sidang hak angket DPRD Gowa, Sulawesi Selatan, Selasa (14/7). Di tengah persidangan, Bupati Gowa tiba-tiba walkout atau meninggalkan sidang.  Da",kumparancom,instagram,10795,802,0,0,645728,0,0,10795.0,5798.5,0.38
3939303932132497575,https://www.instagram.com/p/DarOA4RDpin/,"Momen pilu dialami seorang wanita yang akhirnya memberanikan diri untuk memberi tahu kedua orang tuanya bahwa salah satu matanya telah mengalami kebutaan. Selama dua bulan, ia memilih memendam kondisi tersebut seorang diri.  Tangisnya pun pecah saat ",indozone.id,instagram,38299,477,0,0,994166,0,0,38299.0,19388.0,12.59
3938012708939359245,https://www.instagram.com/p/DamobG9TeQN/,"Penyidik Komisi Pemberantasan Korupsi (KPK) menahan mantan Sekretaris Jenderal Majelis Permusyawaratan Rakyat (MPR), Ma’ruf Cahyono, dalam dugaan gratifikasi pengadaan barang dan jasa di lingkungan Sekretariat Jenderal MPR RI.  Penahanan tersebut dil",tempodotco,instagram,3250,174,0,0,84579,0,0,3250.0,1712.0,6.96
3947581953020560897,https://www.instagram.com/p/DbIoN7_iIYB/,"Seorang guru berstatus PNS dan suaminya diduga terlibat dalam kasus asusila yang menimpa seorang anak sekolah dasar. Kasus ini viral di media sosial dan memicu reaksi warga yang mendatangi rumah keduanya.  Saat ini, pihak kepolisian masih melakukan p",okezonecom,instagram,3457,98,0,0,302254,0,0,3457.0,1777.5,3.97
3947255336331166134,https://www.instagram.com/p/DbHd9CfyMG2/,"Berdiri tegap di baris paling depan, tepat di hadapan Presiden Prabowo Subianto, Tribrata Putra, resmi menyandang pangkat Inspektur Polisi Dua (Ipda). Ia adalah putra eks Kadiv Propam Polri, Ferdy Sambo, mantan polisi yang jadi terpidana pembunuhan B",kumparancom,instagram,12713,1355,0,0,712211,0,0,12713.0,7034.0,6.56
v14025g50000d9iprb7og65j6chl3iq0,https://www.tiktok.com/@kumparan/video/v14025g50000d9iprb7og65j6chl3iq0,"Warga Desa Kembang Kuning, Jatiluhur, Purwakarta, digegerkan penemuan jasad Sumarna (40), sekuriti Waduk Jatiluhur. Korban ditemukan tewas mengapung dengan tangan terborgol di waduk tersebut, tepatnya di kawasan Tanggul Kayat, Jumat (24/7) pagi. Peri",kumparan,tiktok,21855,535,401,401,633316,0,847,645070.72,164026.75,13.41
v14044g50000d9kspffog65jss982id0,https://www.tiktok.com/@kompascom/video/v14044g50000d9kspffog65jss982id0,"Istri satpam Perum Jasa Tirta (PJT) II Sumarna (42), Siti Maryam, mengenang pertemuan terakhir dengan suaminya sebelum berangkat bekerja pada Kamis (23/7/2026) malam.  Menurutnya, tidak ada firasat khusus, namun sang suami terlihat lebih lelah diband",kompascom,tiktok,43292,1085,518,518,830851,0,864,854076.12,218936.5,12.04
v1c025g50000d9geikvog65ns0m4i85g,https://www.tiktok.com/@kumparan/video/v1c025g50000d9geikvog65ns0m4i85g,"Bareskrim Polri menetapkan bos pabrik gas N2O merek Whip-Pink, Andi Hioe dan Jasen Hioe, sebagai tersangka dalam kasus dugaan pelanggaran Undang-Undang Kesehatan. Keduanya kini tengah menjalani pemeriksaan di Bareskrim Polri. Kasubdit III Dittipidnar",kumparan,tiktok,8382,184,535,535,462996,0,325,467586.34,118024.25,10.19
v14044g50000d9jjb3fog65ogb17t1v0,https://www.tiktok.com/@kumparan/video/v14044g50000d9jjb3fog65ogb17t1v0,"Polres Tabanan mengungkap fakta mengenai maling ayam berinisial KD yang tewas dikeroyok warga di Banjar Juwuk Legi, Desa Batunya, Kecamatan Baturiti, Kabupaten Tabanan, pada Jumat (24/07).  Menurut polisi, KD merupakan residivis di kasus yang sama pa",kumparan,tiktok,39609,701,4452,4452,1061668,0,1296,1083773.76,276607.5,20.92
v14044g50000d9lf1inog65g0lngt5u0,https://www.tiktok.com/@kompascom/video/v14044g50000d9lf1inog65g0lngt5u0,"Presiden Prabowo Subianto meminta pembangunan jalur kereta api Trans Sumatera segera dimulai agar Bakauheni di ujung selatan hingga wilayah paling utara Sumatera dapat terhubung melalui jalur rel.  ""Habis ini, Trans Sumatera railway, dari Bakauheni s",kompascom,tiktok,32258,2371,2571,2571,1047270,0,1296,1065046.08,271117.5,12.98
v14025g50000d9m1j8fog65sgoedk1dg,https://www.tiktok.com/@kumparan/video/v14025g50000d9m1j8fog65sgoedk1dg,"Ratusan imigran ilegal memasuki wilayah kantong Spanyol, Ceuta, di Afrika Utara dari Maroko pada Kamis (30/7). Ini jadi gelombang kedatangan terbesar sejak krisis diplomatik antara Madrid dan Rabat pada Mei 2021. Kala itu, sekitar 10.000 imigran mema",kumparan,tiktok,71823,829,4661,4661,2056429,0,1497,2095778.81,533435.5,11.08
v14025g50000d9lfkv7og65l3oioafcg,https://www.tiktok.com/@kompascom/video/v14025g50000d9lfkv7og65l3oioafcg,"Saksi Ahli Mahkamah Konstitusi (MK), Bhima Yudhistira Adhinegara, mengkritik pelaksanaan program Makan Bergizi Gratis (MBG) dalam sidang uji materi Undang-Undang Nomor 1 Tahun 2022 tentang Hubungan Keuangan antara Pemerintah Pusat dan Pemerintah Daer",kompascom,tiktok,28055,1293,824,824,696312,0,1277,711467.97,181621.0,21.75
v29025g50000d9ktopnog65tukiqeu60,https://www.tiktok.com/@idntimes/video/v29025g50000d9ktopnog65tukiqeu60,"Surabaya, IDN Times - Wisudawati Universitas Islam Negeri Sunan Ampel (UINSA) Surabaya terjatuh ke belakang viral di media sosial. Momen tersebut terjadi saat wisudawati maju di atas panggung hendak melakukan selebrasi minta difotokan rektor Kejadian",idntimes,tiktok,32102,1478,8300,8300,1404004,0,1733,1422930.25,361471.0,18.37
v14025g50000d9m57fnog65p5qg2hadg,https://www.tiktok.com/@kumparan/video/v14025g50000d9m57fnog65p5qg2hadg,"Seorang lansia 70 tahun berinisial P meninggal saat tengah check-in di salah satu hotel di kawasan Parangtritis, Kapanewon Kretek, Kabupaten Bantul pada Kamis (30/7) pukul 10.25 WIB.  Kasi Humas Polres Bantul Iptu Rita Hidayanto mengatakan P saat itu",kumparan,tiktok,37866,760,22583,22583,813277,0,1176,838355.78,218621.5,28.1
v1c025g50000d9eu9ofog65ktcqf4d8g,https://www.tiktok.com/@kompascom/video/v1c025g50000d9eu9ofog65ktcqf4d8g,"Ibrahim Al Abrar alias Ibra, siswa kelas 6 SDN 3 Genengsari yang tinggal di Desa Genengsari, Boyolali, Jawa Tengah, menerima penghargaan dari NASA pada 9 Juli 2026. Bocah 12 tahun ini mendapat penghargaan setelah menemukan empat celah keamanan di sis",kompascom,tiktok,8049,169,933,933,135086,0,419,139584.24,36059.25,22.48
v14044g50000d9atubnog65qlua89ff0,https://www.tiktok.com/@tribunnews/video/v14044g50000d9atubnog65qlua89ff0,"Bikin Heboh! Viral Bayi Dinamai MBG Subianto di Wonosobo, Sang Ibu Blak-blakan Ungkap Alasan #mbg #prabowosubianto #beritaterkini #tiktokberita",tribunnews,tiktok,4051,596,5917,5917,186712,0,274,190148.76,49319.0,28.2
v14044g50000d96vts7og65grq92c4u0,https://www.tiktok.com/@kompascom/video/v14044g50000d96vts7og65grq92c4u0,"Supercar McLaren milik YouTuber Andra ST terbelah dua usai mengalami kecelakaan tunggal di Telukan, Grogol, Sukoharjo, Rabu (8/7/2026) dini hari. Polisi menduga mobil sport tersebut oleng saat melaju menuju Solo, lalu menabrak pagar, tiang telepon, d",kompascom,tiktok,10020,343,1649,1649,657910,0,594,663614.71,167480.5,7.16
v1c044g50000d9ngjdfog65hj58dvq10,https://www.tiktok.com/@kompascom/video/v1c044g50000d9ngjdfog65hj58dvq10,,kompascom,tiktok,12614,115,1705,1705,521237,0,307,528338.7,133917.75,9.91
v14025g50000d9neudnog65reu4319fg,https://www.tiktok.com/@kumparan/video/v14025g50000d9neudnog65reu4319fg,"Kapal KM Mutiara Sentosa 2 rute Surabaya-Makassar terbakar di perairan utara Sumenep, Madura, Minggu (2/8). Kebakaran menyebabkan asap hitam pekat membubung dari badan kapal. Sejumlah penumpang bahkan nekat melompat ke laut untuk menyelamatkan diri. ",kumparan,tiktok,42405,857,2213,2213,1130046,0,1436,1153162.49,293880.25,4.42
v14025g50000d9ivavnog65rb23m7h20,https://www.tiktok.com/@kumparan/video/v14025g50000d9ivavnog65rb23m7h20,"Sebuah mobil menabrak kerumunan orang yang tengah berada di sisi rute parade Christopher Street Day (CSD) atau Berlin Gay Pride di Berlin, Jerman, Sabtu (25/7). Satu orang tewas, sementara 16 lainnya mengalami luka akibat insiden ini. Polisi Jerman k",kumparan,tiktok,34832,713,1766,1766,581169,0,962,600146.02,154620.0,8.17
v1c025g50000d9coqgvog65q4akbg8ig,https://www.tiktok.com/@idntimes/video/v1c025g50000d9coqgvog65q4akbg8ig,"Setelah lebih dari sebulan memilih diam, Giorgio Antonio akhirnya buka suara lewat video Instagram pada Rabu (15/7/2026). Ia menegaskan bahwa dirinya dan Sarwendah baik-baik saja dan keputusan untuk vakum dari media sosial memang sengaja diambil agar",idntimes,tiktok,103239,9364,20616,20616,2582109,0,4408,2641666.93,678832.0,20.13
v14025g50000d9aptdfog65tkr97l8fg,https://www.tiktok.com/@indozone.id/video/v14025g50000d9aptdfog65tkr97l8fg,"Sebuah video memperlihatkan petugas pemadam kebakaran (damkar) di Bandung saat mengantar seorang anak berkebutuhan khusus bersama ibunya menuju rumah sakit jiwa (RSJ) Provinsi Jawa Barat di Cisarua, Lembang. Diceritakan, awalnya, seorang ibu hanya me",indozone.id,tiktok,51490,461,2324,2324,456214,0,1391,484204.87,127622.25,20.48
v1c025g50000d9jdg6vog65r0urq5200,https://www.tiktok.com/@kumparan/video/v1c025g50000d9jdg6vog65r0urq5200,"Polisi menetapkan 5 orang sebagai tersangka kasus pengeroyokan terhadap terduga pelaku pencurian ayam berinisial KD di Tabanan, Bali, pada Senin (27/07). Tersangka tersebut berinisial MJ, WS, KB, ML, dan ND, yang semuanya laki-laki. Kapolres Tabanan,",kumparan,tiktok,125108,1987,12893,12893,1859259,0,2127,1928830.02,499811.75,20.84
v29025g50000d9dhvj7og65l5so7ghtg,https://www.tiktok.com/@kumparan/video/v29025g50000d9dhvj7og65l5so7ghtg,"Video seorang pemuda di Sidoarjo yang menerima pesanan ojek online tanpa mengenakan busana viral di media sosial. Peristiwa itu terjadi di Desa Dukuh Tengah, Kecamatan Buduran, saat seorang driver mengantarkan pesanan minuman ke rumah pemuda berusia ",kumparan,tiktok,280827,2488,59021,59021,4769743,0,12762,4932383.76,1278019.75,23.84
v29025g50000d9o264nog65ph54f2n5g,https://www.tiktok.com/@kapanlagicom/video/v29025g50000d9o264nog65ph54f2n5g,"Unggah Bukti CCTV, Sarwendah Klaim Dugaan Selingkuh Ruben Sejak 2017 . Simak terus update berita tentang dunia entertainment, kalau bukan sekarang, KapanLagi? #kapanlagi #selebriti #klkpt #kapanlagiwhatshot #kapanlagihariini #kontroversiseleb #update",kapanlagicom,tiktok,102965,3727,6035,6035,6591687,0,12729,6647959.35,1676103.5,9.21
v29025g50000d9i4ah7og65unskkjchg,https://www.tiktok.com/@idntimes/video/v29025g50000d9i4ah7og65unskkjchg,"Demo Desak Febrie Adriansyah Ditangkap, Massa Aksi Lempar Tikus ke Kejagung Jakarta, IDN Times - Kejaksaan Agung (Kejagung) kembali didemo oleh ratusan orang yang mendesak agar mantan Jaksa Agung Muda Tindak Pidana Khusus (Jampidsus), Febrie Adriansy",idntimes,tiktok,54365,320,4644,4644,562770,0,638,592795.33,155524.75,26.55
v14044g50000d9854onog65jfuu0i5b0,https://www.tiktok.com/@kompascom/video/v14044g50000d9854onog65jfuu0i5b0,"Presiden RI Prabowo Subianto mengatakan, pemimpin harus setia kepada kepentingan negara di atas segala kepentingan lainnya.  Jika pemimpin berbohong kepada rakyat, kata dia, pasti akan mendapatkan dosa.  Hal tersebut Prabowo sampaikan saat meluncurka",kompascom,tiktok,28285,1850,6680,6680,271822,0,1406,288361.57,77159.25,46.72
v102ffg50001d987ugvog65vc187q8b0,https://www.tiktok.com/@kumparan/video/v102ffg50001d987ugvog65vc187q8b0,"Jaksa Agung Muda Tindak Pidana Khusus (Jampidsus) Kejaksaan Agung, Febrie Adriansyah, muncul pertama kali ke publik di tengah penyidikan yang dilakukan Korps Pemberantasan Tindak Pidana Korupsi (Kortastipidkor) Polri. Ia meminta publik tidak berspeku",kumparan,tiktok,22647,3143,2295,2295,798546,0,1130,811131.35,206657.75,16.09
v14025g50000d98civnog65ucvq57jag,https://www.tiktok.com/@kumparan/video/v14025g50000d98civnog65ucvq57jag,"Relawan penyelamat menggunakan drone pengangkut beban berat untuk mengevakuasi seorang warga yang terjebak banjir di Guangxi, China, usai Topan Maysak menyebabkan 15.000 orang terjebak di kota Yunbiao. Rekaman yang dirilis pada Selasa (7/7) menunjukk",kumparan,tiktok,13035,222,277,277,622934,0,399,629953.02,159117.0,0.96
7662988152130374933,https://www.tiktok.com/@idntimes/video/7662988152130374933,"Timnas Argentina sukses melaju ke final Piala Dunia 2026 setelah mengalahkan Inggris dengan skor 2-1 di semifinal. Keberhasilan tersebut disambut meriah oleh para pendukungnya di seluruh dunia, termasuk di Indonesia. Sejumlah artis Indonesia pun tak ",idntimes,tiktok,11975,283,84,84,360333,0,362,366744.54,93168.75,6.3
v29025g50000d9adq4nog65v8fkngc00,https://www.tiktok.com/@kumparan/video/v29025g50000d9adq4nog65v8fkngc00,"Suasana duka menyelimuti rumah Nursela (32). Ia harus kehilangan suami dan anaknya yang meninggal dalam kecelakaan maut rombongan pengiring pengantin di Jalur Pantura, Desa Kiajaran Kulon, Kecamatan Lohbener, Kabupaten Indramayu, Minggu (12/7). Nurse",kumparan,tiktok,49715,513,1093,1093,1107656,0,1370,1134434.16,289744.25,13.08
v14025g50000d9avc3fog65m10bq7730,https://www.tiktok.com/@indozone.id/video/v14025g50000d9avc3fog65m10bq7730,MPLS Core! Sebuah video memperlihatkan momen siswa-siswi di taman kanak-kanak (TK) menangis berjamaah hari pertama masa pengenalan lingkungan sekolah (MPLS). Reaksi histeris para siswa saat jauh dari orang tua membuat seorang guru harus ekstra sabar ,indozone.id,tiktok,12880,566,3159,3159,256206,0,828,263762.76,68202.75,20.03
v14044g50000d9itptnog65up888j7ag,https://www.tiktok.com/@kumparan/video/v14044g50000d9itptnog65up888j7ag,"Bentrokan antarkelompok di kawasan Jalan Proklamasi, Pegangsaan, Menteng, Jakarta Pusat, Minggu (26/7) pagi, diduga bermula dari keributan di sebuah gerobak nasi uduk. Kasat Reskrim Polres Metro Jakarta Pusat AKBP Roby Heri Saputra mengatakan, berdas",kumparan,tiktok,56595,1695,5846,5846,1133090,0,2129,1164564.71,299306.5,20.3
v1c025g50000d9kctgvog65tkiubdf00,https://www.tiktok.com/@cnnindonesia/video/v1c025g50000d9kctgvog65tkiubdf00,"Ironis dan memilukan, seorang bayi perempuan berusia delapan bulan berinisial GIA di Batanghari, Jambi, diduga dijual ayah kandungnya sendiri seharga Rp20 juta. Kasus terungkap setelah ibu kandung tidak bertemu anaknya selama 10 hari. Polisi mengaman",cnnindonesia,tiktok,108485,928,15290,15290,2443921,0,2644,2505133.08,642156.0,14.07
v14044g50000d9b485nog65ihn6sc5pg,https://www.tiktok.com/@kumparan/video/v14044g50000d9b485nog65ihn6sc5pg,"Polisi menangkap pelaku pembunuhan terhadap pengemudi ojek online (ojol) berinisial ATP yang ditemukan tewas di kawasan Villa Taman Bandara, Dadap, Kosambi, Kabupaten Tangerang. Pelaku berinisial RD alias D (25) ditangkap di kawasan Penjaringan, Jaka",kumparan,tiktok,23253,976,1203,1203,368090,0,932,380763.78,98380.5,18.21
v14025g50000d9b0a17og65murekepf0,https://www.tiktok.com/@indozone.id/video/v14025g50000d9b0a17og65murekepf0,"Seorang anak membagikan momen lucu ketika ia dan keluarganya tengah mendaki Gunung Prau, namun sang ayah justru dihadapkan oleh permintaan dari para tukang yang tengah membangun kontrakan. Di tengah perjalanan menuju puncak gunung, sang ayah mendapat",indozone.id,tiktok,6047,76,353,353,461683,0,221,464987.49,117039.75,3.02
v14025g50000d9fn6tfog65j6v2cuqng,https://www.tiktok.com/@indozone.id/video/v14025g50000d9fn6tfog65j6v2cuqng,"Sejumlah lansia di Singapura mencuri perhatian usai mengikuti kelas parkour. Kelas ini diperuntukkan bagi peserta berusia 50 hingga 70 tahun. Dalam setiap sesi, mereka berlatih meningkatkan kekuatan, keseimbangan, dan mobilitas tubuh melalui latihan ",indozone.id,tiktok,16612,123,4183,4183,763588,0,304,773357.75,196126.5,18.42
v292ffg50001d9crc8vog65pabic6je0,https://www.tiktok.com/@kumparan/video/v292ffg50001d9crc8vog65pabic6je0,"Perempuan berinisial FR (31), tersangka dalam kasus tewasnya Aparatur Sipil Negara (ASN) Badan Pertanahan Nasional (BPN) Kabupaten Nias, AL, ternyata sempat berkonsultasi dengan aplikasi berbasis kecerdasan buatan (AI) sebelum ditangkap polisi.   FR ",kumparan,tiktok,35051,263,3317,3317,811136,0,1908,830563.88,212441.75,16.97
v1c044g50000d96v1jnog65tp8q4voa0,https://www.tiktok.com/@kumparan/video/v1c044g50000d96v1jnog65tp8q4voa0,"Presiden RI Prabowo Subianto bersama dengan Perdana Menteri (PM) India Narendra Modi tiba di Bandara Yogyakarta Internasional Airport (YIA) Yogyakarta, Rabu (8/7). Terlihat Prabowo yang mengenakan kemeja putih, celana hitam dan topi biru duduk berjal",kumparan,tiktok,6197,157,130,130,200336,0,278,203672.57,51705.0,4.14
v29025g50000d9kqf3nog65hcs4nrb90,https://www.tiktok.com/@cnnindonesia/video/v29025g50000d9kqf3nog65hcs4nrb90,"Seorang petani bernama Hasim Lembesi (40), warga Desa Waisakai,  Kecamatan Mangoli Utara Timur, Kabupaten Kepulauan Sula, Maluku Utara  tewas dimangsa ular piton raksasa di sekitar hutan wilayahnya, saat  dalam perjalanan pulang ke kampungnya. Warga ",cnnindonesia,tiktok,235379,3006,88988,88988,4762297,0,9381,4907124.96,1272417.5,32.86
v1c025g50000d9la3bfog65v61s5t7s0,https://www.tiktok.com/@kompascom/video/v1c025g50000d9la3bfog65v61s5t7s0,"Wali Kota New York Zohran Mamdani meluncurkan supermarket milik pemerintah untuk membantu warga menghadapi tingginya biaya hidup.  Melalui program NYC Groceries: A Recipe for Affordability, kebutuhan pokok akan dijual dengan harga sekitar 30 persen l",kompascom,tiktok,24387,1007,1111,1111,323122,0,948,336381.42,87406.75,16.55
v1c044g50000d9ji4evog65tm9fvbudg,https://www.tiktok.com/@kumparan/video/v1c044g50000d9ji4evog65tm9fvbudg,"Seorang dokter muda bernama Siti Zahra Maghfira (SZM) ditemukan tewas setelah diduga melompat dari lantai 18 sebuah apartemen di Jakarta Selatan, pada Minggu (26/7) siang. Polisi masih menyelidiki penyebab pasti korban nekat mengakhiri hidupnya. Kapo",kumparan,tiktok,15781,752,1739,1739,614862,0,851,623661.88,158283.5,13.25
v29025g50000d9bfgkfog65urfmiarpg,https://www.tiktok.com/@detikcom/video/v29025g50000d9bfgkfog65urfmiarpg,"Sebuah video yang diperoleh Reuters memperlihatkan seorang penyanyi Thailand tengah tampil di sebuah pub di Bangkok pada Minggu (12/7), beberapa saat sebelum bandnya mengonfirmasi bahwa sang penyanyi tewas dalam kebakaran hebat yang melanda tempat hi",detikcom,tiktok,568114,2661,27801,27801,11991789,0,18823,12301090.62,3147591.25,9.88
v1c044g50000d9osbt7og65i9mtijrd0,https://www.tiktok.com/@tirtacipeng/video/v1c044g50000d9osbt7og65i9mtijrd0,"Kalo sakit demam ya jangan olahraga, tapi fokus bed rest saja",tirtacipeng,tiktok,5953,93,374,374,72912,0,315,76170.83,19833.0,17.27
v29025g50000d9cv6tvog65li68po6b0,https://www.tiktok.com/@officialokezone/video/v29025g50000d9cv6tvog65li68po6b0,"Menteri Pekerjaan Umum Dody Hanggodo kembali menjadi sorotan setelah sejumlah videonya beredar di media sosial.  Mulai dari pernyataannya soal jembatan hasil patungan warga yang dinilai belum layak digunakan, momen tidak menyambut uluran tangan seseo",officialokezone,tiktok,9947,1591,174,174,476126,0,509,481474.17,121959.5,11.92
v14044g50000d9f2je7og65ha1h46f6g,https://www.tiktok.com/@kompascom/video/v14044g50000d9f2je7og65ha1h46f6g,"Kericuhan terjadi di Obelisco, Buenos Aires, Argentina, Minggu (20/7/2026) malam waktu setempat, setelah Argentina kalah dari Spanyol pada final Piala Dunia 2026. Massa melempari polisi dengan berbagai benda. Aparat kemudian membubarkan massa menggun",kompascom,tiktok,28714,2922,3038,3038,723529,0,1525,739513.49,189550.75,22.85
v1c025g50000d9fbflvog65gn86ofshg,https://www.tiktok.com/@detikcom/video/v1c025g50000d9fbflvog65gn86ofshg,"Dilansir dari Reuters, diperkirakan 2 juta orang menyesaki Cibeles Square, Madrid, Senin (20/7/2026), tempat acara berlangsung. Perayaan ini berlangsung selama lebih dari 1 jam setelah sebelumnya penggawa timnas Spanyol berparade dengan menggunakan b",detikcom,tiktok,18924,323,211,211,264111,0,391,274259.95,70892.25,14.28
v29025g50000d988e8fog65v4luhlli0,https://www.tiktok.com/@kumparan/video/v29025g50000d988e8fog65v4luhlli0,"Brankas berisi 74 kilogram emas yang ditemukan penyidik Kortastipidkor Polri di sebuah rumah di Sentul ternyata harus dibongkar dengan bantuan ahli kunci. Roy, ahli kunci yang diminta datang ke lokasi, mengatakan brankas tersebut memiliki sistem peng",kumparan,tiktok,29977,519,1845,1845,727415,0,995,743816.95,189939.0,12.62
7669835915228925191,https://www.tiktok.com/@kompascom/video/7669835915228925191,"Video remaja berinisial BW (17) yang mengaku menjadi korban begal di Dukuh Sigalung Lor, Desa Wringinagung, Kecamatan Doro, Kabupaten Pekalongan, Jawa Tengah, ternyata rekayasa.  Video tersebut viral pada Minggu (2/8/2026). Setelah menyelidiki video ",kompascom,tiktok,10517,102,1541,1541,324450,0,241,330396.8,84152.5,8.76
v29025g50000d9fe0jvog65tol3tcl30,https://www.tiktok.com/@idntimes/video/v29025g50000d9fe0jvog65tol3tcl30,"Kecelakaan beruntun terjadi di Jalan MT Haryono, Jakarta Selatan, melibatkan beberapa kendaraan dan menyebabkan empat orang luka-luka pada Senin pagi. Satu korban perempuan mengalami luka cukup parah di kaki akibat terseret mobil boks, sementara tiga",idntimes,tiktok,1266,13,152,152,200347,0,92,201055.64,50444.5,-3.15
v1c044g50000d9osd2nog65s3fpcclp0,https://www.tiktok.com/@raffi_nagita/video/v1c044g50000d9osd2nog65s3fpcclp0,Princessnya banyak banget Mmoyyy❤️,raffi_nagita,tiktok,43553,464,463,463,231430,0,896,254782.63,68977.5,28.15
v29025g50000d9d4n3vog65lddcmseag,https://www.tiktok.com/@officialokezone/video/v29025g50000d9d4n3vog65lddcmseag,"Hotman Paris mengaku bersedia menjadi kuasa hukum mantan Jampidsus Febrie Adriansyah karena menilai rekam jejaknya baik dalam mengembalikan aset dan kerugian negara dari berbagai kasus korupsi. Menurut Hotman, kinerja Febrie bahkan pernah mendapat ap",officialokezone,tiktok,56292,9727,2982,2982,1519407,0,3927,1550103.32,397102.0,20.91
v102ffg50001d96vbanog65rc55n62q0,https://www.tiktok.com/@kumparan/video/v102ffg50001d96vbanog65rc55n62q0,"Seorang camat berinisial D di Kabupaten Boyolali, Jawa Tengah, mengirim video porno ke mantan pegawai wanita berusia 19 tahun, warga Boyolali. Peristiwa itu terjadi pada 30 Maret 2026. Wanita tersebut kemudian melaporkan peristiwa itu ke Badan Kepega",kumparan,tiktok,3114,65,453,453,221773,0,225,223533.1,56351.25,11.76
v1c025g50000d9iodenog65g6ongphe0,https://www.tiktok.com/@cnnindonesia/video/v1c025g50000d9iodenog65g6ongphe0,"Jawa Timur sukses menggerakkan roda perekonomian masyarakat melalui Koperasi Desa Merah Putih (KDMP). Secara nasional, Jawa Timur menjadi provinsi dengan nilai transaksi tertinggi melalui program tersebut. Salah satu KDMP yang aktif dan mendapat resp",cnnindonesia,tiktok,37167,1469,4527,4527,739369,0,771,760187.12,195633.0,18.01
v1c044g50000d9fa60fog65grbk1umi0,https://www.tiktok.com/@kompascom/video/v1c044g50000d9fa60fog65grbk1umi0,"Seorang pedagang kambing asal Kota Batu, Jawa Timur, jadi perbincangan netizen karena penampilannya. Pria bernama Faiq Muhammad Alkatiri atau Bang Faiq itu mengatakan, tidak pernah memiliki target untuk menjadi viral dan tidak ditujukan untuk mencari",kompascom,tiktok,37024,1594,7955,7955,649878,0,1290,671357.83,174112.75,15.98
v14044g50000d9fo007og65vu97iqt90,https://www.tiktok.com/@kompascom/video/v14044g50000d9fo007og65vu97iqt90,"Perempuan berinisial SW bersujud minta maaf kepada para tetangganya yang kehilangan rumah gara-gara perbuatan suaminya. Suami SW, Syarif Elviran, membakar rumah mertuanya pada Jumat (17/7/2026). Api merembet, sehingga menghanguskan 11 rumah Kelurahan",kompascom,tiktok,23301,145,1565,1565,209493,0,470,222270.35,58626.0,23.74
v29025g50000d9dgqmvog65t63ncj9cg,https://www.tiktok.com/@detikcom/video/v29025g50000d9dgqmvog65t63ncj9cg,"Pengemudi ojek online bernama Agus Tedjo Prabowo (40) dibunuh dan dicuri motornya oleh begal di Kosambi, Tangerang, Banten. Sang istri, Popi, mengunggah kenangan saat suami menyuapinya makan lewat akun TikToknya dan viral. Banyak netizen yang turut m",detikcom,tiktok,61620,630,6412,6412,692818,0,1863,727097.42,190370.0,23.58
v1c044g50000d9g8s9nog65nj6hrai6g,https://www.tiktok.com/@kumparan/video/v1c044g50000d9g8s9nog65nj6hrai6g,"Presiden Prabowo Subianto resmi melantik Donny Ermawan Taufanto sebagai Gubernur Universitas Republik Indonesia dan Yos Sunitiyoso sebagai Wakil Gubernur Universitas Republik Indonesia. Pelantikan digelar di Istana Negara, Jakarta, Rabu (22/7). Pelan",kumparan,tiktok,5146,951,908,908,282859,0,426,285801.94,72466.0,9.95
v1c044g50000d9g877nog65jojddc5g0,https://www.tiktok.com/@kumparan/video/v1c044g50000d9g877nog65jojddc5g0,"Presiden Prabowo Subianto resmi melantik Sudaryono sebagai Kepala Badan Gizi Nasional (BGN) di Istana Negara, Jakarta, Rabu (22/7). Pelantikan tersebut berdasarkan Keputusan Presiden (Keppres) Nomor 78/P Tahun 2026 tentang Pemberhentian dan Pengangka",kumparan,tiktok,17327,1722,1617,1617,468859,0,678,478458.03,122381.25,18.47
v292ffg50001d97ltmfog65gmrvf1jgg,https://www.tiktok.com/@kumparan/video/v292ffg50001d97ltmfog65gmrvf1jgg,"Seorang ibu berinisial HS (35), warga Tasokko, Kabupaten Mamuju Tengah, Sulawesi Barat (Sulbar), tengah berbahagia. Ia dikarunia bayi kembar empat, dua laki-laki dan dua perempuan, yang lahir dengan sehat dan selamat.   Persalinan itu berlangsung di ",kumparan,tiktok,35965,713,6015,6015,748627,0,889,769123.74,197830.0,21.57
v14025g50000d9jgdffog65h5ef0k25g,https://www.tiktok.com/@idntimes/video/v14025g50000d9jgdffog65h5ef0k25g,"Jakarta, IDN Times - Pedagang nasi uduk yang gerobaknya menjadi lokasi awal keributan di Jalan Tambak, Matraman, Menteng, Jakarta Pusat, Minggu, 26 Juli 2026, mengungkap detik-detik saat bentrokan terjadi.  Berdasarkan kesaksiannya, keributan bermula",idntimes,tiktok,2066,82,35,35,127842,0,93,128952.57,32506.25,8.73
v1c025g50000d9h156vog65ppmdtsaq0,https://www.tiktok.com/@cnnindonesia/video/v1c025g50000d9h156vog65ppmdtsaq0,"Memperingati Hari Anak Nasional, ada kisah inspiratif dari empat bocah sekolah dasar di Purwakarta, Jawa Barat, yang kerap membersihkan lingkungan yang kotor. Aksi yang terinspirasi dari aktivis lingkungan Pandawara Group ini pun menjadi viral di med",cnnindonesia,tiktok,79685,1701,3508,3508,1165696,0,5053,1208995.09,312647.5,22.29
v29025g50000d9a79svog65p51vbc3jg,https://www.tiktok.com/@kumparan/video/v29025g50000d9a79svog65p51vbc3jg,"Dua remaja yang hilang selama hampir dua pekan di Gunung Bismo, Kabupaten Wonosobo, yakni Arifin Nurohmat (18) dan Yufaidin (15), akhirnya ditemukan dalam kondisi meninggal dunia. Kedua warga Desa Krinjing, Kecamatan Watumalang, Kabupaten Wonosobo, i",kumparan,tiktok,80673,435,8877,8877,982065,0,1988,1027047.53,268012.5,21.43
v1c044g50000d9ivmuvog65tkirrjh6g,https://www.tiktok.com/@wargajakarta.id/video/v1c044g50000d9ivmuvog65tkirrjh6g,"Polisi meluruskan informasi yang beredar terkait pemicu bentrokan antara sekelompok orang dan warga di kawasan Matraman hingga Jalan Tambak, Menteng, Jakarta Pusat, Minggu (26/7/2026). Berdasarkan hasil penyelidikan sementara, keributan bukan dipicu ",wargajakarta.id,tiktok,17457,1062,1081,1081,639501,0,1380,649054.03,164775.25,16.01
v29025g50000d9mutbnog65tm2fa8hpg,https://www.tiktok.com/@kumparan/video/v29025g50000d9mutbnog65tm2fa8hpg,"Seorang pria dikeroyok sejumlah orang saat mencari istrinya di kawasan apartemen di Cikarang Utara, Kabupaten Bekasi, Kamis (31/7) malam. Kasie Humas Polres Metro Bekasi AKP Aliyani mengatakan korban diduga terlibat perselisihan dengan sejumlah orang",kumparan,tiktok,41997,474,2753,2753,920864,0,1944,943878.92,241522.0,20.62
v14025g50000d9at3a7og65qt4iqcirg,https://www.tiktok.com/@indozone.id/video/v14025g50000d9at3a7og65qt4iqcirg,Argentina dikabarkan mengajukan permintaan khusus kepada FIFA menjelang laga semifinal Piala Dunia 2026 melawan Inggris. Pertandingan bergengsi tersebut akan berlangsung di Atlanta Stadium pada Rabu malam waktu Amerika Serikat. Menurut laporan media ,indozone.id,tiktok,10893,215,339,339,394552,0,179,400440.76,101499.75,4.82
v1c044g50000d9abe47og65r7gg78tk0,https://www.tiktok.com/@infipop.id/video/v1c044g50000d9abe47og65r7gg78tk0,"Pembangunan MRT Jakarta Fase 2A terus menunjukkan progres. Salah satu stasiun yang paling dinantikan, yakni Stasiun Monas, ditargetkan mulai melayani penumpang pada akhir 2027.  Saat ini, progres pembangunan fase 2A telah mencapai sekitar 60%. Nantin",infipop.id,tiktok,2858,102,514,514,63897,0,213,65533.55,16842.75,18.39
v29025g50000d9ncdafog65unsl1o1t0,https://www.tiktok.com/@kumparan/video/v29025g50000d9ncdafog65unsl1o1t0,"Kapal KM Sentosa 2 yang melayani rute Surabaya-Makassar terbakar di perairan sekitar Sumenep, Madura, Minggu (2/8).⁠ ⁠ Kepala Seksi Operasi (Kasiops) Kantor SAR Surabaya Didit Arie Ristandy mengatakan, berdasarkan laporan terakhir dari lokasi kejadia",kumparan,tiktok,47281,791,2564,2564,1012497,0,1683,1038292.36,265783.25,10.15
v14044g50000d9g7f1nog65n6b51qfdg,https://www.tiktok.com/@kompascom/video/v14044g50000d9g7f1nog65n6b51qfdg,"Salah satu wajah dalam pelantikan 1.177 perwira TNI-Polri ada putra mantan Kadiv Propam Polri Ferdy Sambo, Tribrata Putra Sambo. Ia resmi dilantik sebagai perwira muda oleh Presiden Prabowo Subianto. ~MS #Prabowo #pelantikanperwira #TribrataPutraSamb",kompascom,tiktok,42489,488,2959,2959,729015,0,1277,752336.95,193737.75,11.21
v29025g50000d9ngn87og65u4sf44800,https://www.tiktok.com/@kumparan/video/v29025g50000d9ngn87og65u4sf44800,"JST, seorang mahasiswi Fakultas Kesehatan Masyarakat (FKM) Universitas Nusa Cendana (Undana) Kupang, Nusa Tenggara Timur, diduga depresi usai batal sidang skripsi. Sidang skripsi itu batal setelah mahasiswi itu diminta mengganti dosen penguji. Video ",kumparan,tiktok,46434,1316,10168,10168,776421,0,1868,803401.28,208584.75,29.17
7669673495646719248,https://www.tiktok.com/@idntimes/video/7669673495646719248,"Baru-baru ini Nia Ramadhani memberikan kabar yang membahagiakan. Anak bungsunya, Magika, baru saja dinyatakan lolos seleksi untuk mengikuti program Barcelona Soccer Experience 2026-2027 dari akademi sepakbola Spanyol, Barca Academy. Namun, kebahagiaa",idntimes,tiktok,2330,125,39,39,149332,0,79,150584.38,37956.5,10.48
7665975625945025799,https://www.tiktok.com/@kompascom/video/7665975625945025799,Gubernur DKI Jakarta Pramono Anung meminta pengemudi Alphard yang terlibat cekcok dengan satpam di kawasan Halte Transjakarta Bundaran HI diberi sanksi apabila persoalan tersebut tidak dapat diselesaikan secara kekeluargaan.  Permintaan itu disampaik,kompascom,tiktok,3109,357,19,19,130302,0,124,131965.99,33446.75,7.53
v1c025g50000d9i4gnfog65stmi201u0,https://www.tiktok.com/@officialokezone/video/v1c025g50000d9i4gnfog65stmi201u0,"Seorang warga bernama Wina, 18 tahun, tewas tertimpa videotron yang roboh akibat angin kencang di Perempatan Cigasong, Majalengka, Jumat malam. Korban tertimpa saat melintas menggunakan sepeda motor. Petugas gabungan mengevakuasi korban dan kendaraan",officialokezone,tiktok,27945,427,2283,2283,1020060,0,1085,1035471.37,262678.75,15.76
v29025g50000d9c7ptfog65gmrrffj30,https://www.tiktok.com/@cnnindonesia/video/v29025g50000d9c7ptfog65gmrrffj30,"Luke Vickery yang merupakan calon pemain Timnas Indonesia telah resmi mengambil sumpah sebagai Warga Negara Indonesia (WNI) di KJRI, Sydney, Australia, Kamis (16/7). Pengambilan sumpah Vickery sebagai WNI dilakukan Menteri Hukum RI, Supratman Andi Ag",cnnindonesia,tiktok,11478,409,441,441,269491,0,787,275714.05,70454.75,17.92
v1c044g50000d9gvv5vog65ncbt84ic0,https://www.tiktok.com/@kompascom/video/v1c044g50000d9gvv5vog65ncbt84ic0,"Ratusan warga Kecamatan Teluk Nibung, Kota Tanjungbalai, Sumatera Utara, menggeruduk rumah pasangan suami istri berinisial D dan A yang berstatus ASN.  Penggerudukan ini dilakukan karena keduanya diduga melakukan pencabulan terhadap seorang anak yati",kompascom,tiktok,67487,1180,10013,10013,1114166,0,2128,1152353.11,298211.5,18.62
v29025g50000d9ipad7og65hrm4i7cs0,https://www.tiktok.com/@officialokezone/video/v29025g50000d9ipad7og65hrm4i7cs0,"Petugas keamanan Waduk Jatiluhur, Sumarna, ditemukan meninggal dunia di tepian waduk saat bertugas piket malam. Korban masih mengenakan seragam dinas dengan kedua tangan terborgol di belakang. Sebelum kejadian, korban diduga menegur sekelompok orang ",officialokezone,tiktok,66414,1703,4787,4787,1324275,0,1607,1360764.08,349294.75,17.37
v14025g50000d9b3s1fog65i1r4701ig,https://www.tiktok.com/@tribunnews/video/v14025g50000d9b3s1fog65i1r4701ig,"Viral Bayi Diberi Nama Muhammad MBG Subianto di Wonosobo, Sang Ibu Ungkap Alasan hingga Ucapan Terima Kasih untuk Prabowo Seorang bayi laki-laki bernama Muhammad MBG Subianto asal Desa Jolontoro, Sapuran, Wonosobo, menjadi perhatian publik karena nam",tribunnews,tiktok,3843,391,3210,3210,202457,0,260,205199.89,52475.25,25.32
v29025g50000d99pmpnog65t4amj84ig,https://www.tiktok.com/@kumparan/video/v29025g50000d99pmpnog65t4amj84ig,"Mahasiswa Universitas Sumatera Utara (USU), CHS, diduga lakukan pelecehan ke puluhan korban. CHS merupakan mahasiswa prodi Akutansi angkatan 2025. Dia nge-chat dan ngirim video alat vital ke korban di medsos, sampai minta korban pap yang tak senonoh.",kumparan,tiktok,13235,28,4107,4107,358743,0,407,366693.4,94028.25,15.67
v1c025g50000d9i3i77og65r34dob72g,https://www.tiktok.com/@officialokezone/video/v1c025g50000d9i3i77og65r34dob72g,"Seorang pria berusia 24 tahun mengalami tiga patah tulang belakang setelah tiang ring basket roboh dan menimpanya saat sedang bermain basket di kawasan Antriksh Heights Buyers Society, Gurugram, India pada Minggu, 19 Juli 2026. Keluarga korban menudi",officialokezone,tiktok,5973,251,420,420,504424,0,402,507703.41,127767.0,14.14
v14044g50000d97pnq7og65s53pt7800,https://www.tiktok.com/@kompascom/video/v14044g50000d97pnq7og65s53pt7800,"Presiden RI Prabowo Subianto mengatakan bahwa petani di Indonesia telah meningkat penghasilannya.  Berdasarkan laporan yang Prabowo terima dari berbagai provinsi, tingkat pembelian motor dan mobil, serta keberangkatan umrah para petani menigkat.  ""Ar",kompascom,tiktok,7507,7535,816,816,368702,0,605,372885.67,96140.0,18.4
v14025g50000d9bkllnog65hvog49400,https://www.tiktok.com/@kumparan/video/v14025g50000d9bkllnog65hvog49400,"Otak di balik kasus rudapaksa terhadap remaja putri di Kabupaten Sampang, Madura, oleh 27 orang pria terungkap. Ia adalah pria berinisial AP (15). ""Betul (otak aksi berinisial AP),"" kata Kasi Humas Polres Sampang, AKP Eko Puji Waluyo kepada kumparan,",kumparan,tiktok,98410,2290,23201,23201,1316722,0,4041,1374258.27,360155.75,36.27
v14025g50000d9afdmfog65qf1s93c6g,https://www.tiktok.com/@kumparan/video/v14025g50000d9afdmfog65qf1s93c6g,"Tangis seorang ibu memecah ruangan rapat dengar pendapat umum (RDPU) Komisi III DPR, saat membahas kasus pembakaran santri di Lombok Tengah, Nusa Tenggara Barat. Ibu dari Sahril Sobirin, santri yang meninggal dunia karena dibakar temannya, Rumah, tak",kumparan,tiktok,109808,3303,7245,7245,1119154,0,6043,1179340.34,309877.5,35.64
7664981155963227409,https://www.tiktok.com/@idntimes/video/7664981155963227409,"Final Piala Dunia 2026 antara Spanyol dan Argentina tak hanya menyajikan drama di atas lapangan, tetapi juga memicu kontroversi lewat upacara penutupan dan Halftime Show perdana FIFA. Meski menghadirkan deretan bintang dunia, pertunjukan tersebut jus",idntimes,tiktok,3112,45,26,26,231180,0,84,232847.09,58590.75,2.43
v1c025g50000d99rat7og65o79b8tuj0,https://www.tiktok.com/@kumparan/video/v1c025g50000d99rat7og65o79b8tuj0,Mantan Jaksa Agung Muda Tindak Pidana Khusus (Jampidsus) Febrie Adriansyah dan Don Ritto resmi dicegah bepergian ke luar negeri usai ditetapkan sebagai tersangka dalam kasus dugaan korupsi dan tindak pidana pencucian uang (TPPU). Pencegahan tersebut ,kumparan,tiktok,25706,521,658,658,713649,0,768,727515.1,185133.5,11.22
7662019152403533077,https://www.tiktok.com/@tribunnews/video/7662019152403533077,"Masa Pengenalan Lingkungan Sekolah (MPLS) sudah berjalan di hari pertama. Acara yang diikuti oleh para siswa baru ini harusnya menjadi momen bahagia bagi siswa baru karena berkenal dengan teman baru, tempat baru, guru baru, dan lembaran kehidupan bar",tribunnews,tiktok,571,33,23,23,159208,0,73,159517.81,39958.75,-6.33
v1c025g50000d9dj1nvog65k802nopg0,https://www.tiktok.com/@officialokezone/video/v1c025g50000d9dj1nvog65k802nopg0,"Penyelundupan belasan sepeda motor yang diduga merupakan hasil pencurian berhasil digagalkan Tim Tiger Unit Reskrim Polsek Tambora, Jakarta Barat, saat menggelar Operasi Berantas Jaya 2026. Dalam aksinya, para pelaku menyembunyikan belasan sepeda mot",officialokezone,tiktok,4833,368,330,330,261850,0,323,264501.39,66845.25,7.92
v14044g50000d9hg21nog65s1201g6rg,https://www.tiktok.com/@riaricis/video/v14044g50000d9hg21nog65s1201g6rg,g2g definisi skintint tempur 👍,riaricis,tiktok,152655,6225,1507,1507,1356777,0,5978,1438603.96,379291.0,33.62
v10025g50000d9769u7og65ufama13tg,https://www.tiktok.com/@idntimes/video/v10025g50000d9769u7og65ufama13tg,"POLRI TEMUKAN BRANKAS BESAR DI BALIK ETALASE KAFE DE’CLAN SAAT PENGGELEDAHAN Korps Pemberantasan Tindak Pidana Korupsi (Kortastipidkor Polri) bersama Polda Metro Jaya menggeledah kafe de’Clan dan Point Money Changer di Jakarta Selatan, Rabu (8/7/2026",idntimes,tiktok,67721,171,3570,3570,1327191,0,1199,1364115.86,349663.25,19.82
7662343296026578184,https://www.tiktok.com/@tribunnews/video/7662343296026578184,"Komisi Pemberantasan Korupsi (KPK) resmi menahan dan menetapkan Bupati Sukoharjo, Etik Suryani sebagai tersangka dalam kasus dugaan pemerasan di lingkungan Pemerintah Kabupaten (Pemkab) Sukoharjo, Jawa Tengah. Etik terjaring operasi tangkap tangan (O",tribunnews,tiktok,2786,127,115,115,484842,0,259,486354.2,121967.5,2.81
v1c044g50000d97gt2vog65h8du1srp0,https://www.tiktok.com/@kompascom/video/v1c044g50000d97gt2vog65h8du1srp0,"Seorang ahli kunci asal Ciawi, Kabupaten Bogor, mengaku tak menyangka mendapat panggilan dari polisi untuk membantu membongkar sebuah brankas yang tersembunyi di balik lemari sebuah rumah mewah di Sentul City.  Brankas itu diketahui memiliki dua lapi",kompascom,tiktok,47171,736,3022,3022,1991308,0,2146,2017143.23,510559.25,8.06
v14044g50000d9nm6tnog65l12m77ljg,https://www.tiktok.com/@kumparan/video/v14044g50000d9nm6tnog65l12m77ljg,Spanyol menghadapi salah satu krisis migrasi terbesar dalam beberapa tahun terakhir setelah puluhan ribu migran menerobos wilayah eksklave Ceuta di Afrika Utara. Gelombang penyeberangan massal itu menewaskan sedikitnya 57 orang dan memaksa pemerintah,kumparan,tiktok,6106,95,179,179,284426,0,304,287724.53,72701.5,5.11
v14044g50000d9cf4lfog65kcb0vb73g,https://www.tiktok.com/@kompascom/video/v14044g50000d9cf4lfog65kcb0vb73g,"Pertandingan Inggris dan Argentina di semifinal Piala Dunia 2026 diwarnai dengan spanduk Las Malvinas. Spanduk dibawa pemain Argentina setelah laga semifinal pada Kamis (16/7/2026). Diketahui, Inggris dan Argentina pernah berperang memperebutkan Kepu",kompascom,tiktok,15630,380,604,604,278758,0,649,287232.9,73843.0,19.99
v29025g50000d99n7q7og65qp34kdjvg,https://www.tiktok.com/@kumparan/video/v29025g50000d99n7q7og65qp34kdjvg,"Presiden Prabowo Subianto optimistis Indonesia akan bangkit. Ia pun meminta kepada pihak yang merasa Indonesia suram untuk mencari negara lain. ""Yang merasa Indonesia suram, silakan kalau mau cari negara lain. Silakan, tidak ada yang melarang. Kalau ",kumparan,tiktok,116119,7108,28353,28353,1439379,0,3748,1507479.34,397739.75,37.76
v1c025g50000d9ngad7og65h1683tp40,https://www.tiktok.com/@kumparan/video/v1c025g50000d9ngad7og65h1683tp40,Kedutaan Besar Malaysia untuk Indonesia buka suara atas penangkapan salah seorang warganya di Bandara Soekarno-Hatta. Mereka menyatakan akan menghormati proses hukum. Pria yang teridentifikasi sebagai M. Saufi Bin Othman ditangkap atas kasus penyelun,kumparan,tiktok,43941,568,2817,2817,912284,0,969,936350.6,239902.5,11.08
v14025g50000d9icosfog65l58fminp0,https://www.tiktok.com/@idntimes/video/v14025g50000d9icosfog65l58fminp0,"Mantan Jaksa Agung Muda Tindak Pidana Khusus (Jampidsus) Kejaksaan Agung (Kejagung), Febrie Adriansyah, tiba di Komisi Pemberantasan Korupsi (KPK) seusai diperiksa di Kejaksaan Agung dalam dugaan kasus TPPU. Ia langsung dijebloskan ke Rutan KPK. Pant",idntimes,tiktok,35764,1145,1386,1386,1647373,0,1385,1666765.81,421417.0,12.69
v14025g50000d9g9897og65q76hu5g4g,https://www.tiktok.com/@indozone.id/video/v14025g50000d9g9897og65q76hu5g4g,"Warga di Simpang Mengkreng, Kecamatan Purwoasri, Kabupaten Kediri dibuat panik usai kereta api (KA) Brantas relasi Pasarsenen-Blitar nyaris menabrak truk di JPL 303A KM 213+705 petak Kertosono-Papar pada Rabu (22/7) pukul 01.48 WIB.  Insiden terjadi ",indozone.id,tiktok,7996,96,224,224,206125,0,291,210442.29,53610.25,10.06
v14025g50000d9c84qfog65q79nhdeog,https://www.tiktok.com/@cnnindonesia/video/v14025g50000d9c84qfog65q79nhdeog,"Pesepeda Perempuan Menggunakan Busana Tidak Biasa di Tangerang, Banten bikin heboh. #cnnindonesia #cnnindonesiacom #peristiwa",cnnindonesia,tiktok,25578,1962,2719,2719,2056818,0,2367,2071059.49,521769.25,15.87
v29025g50000d9hnba7og65irf95ipsg,https://www.tiktok.com/@kompascom/video/v29025g50000d9hnba7og65irf95ipsg,"Di balik gedung-gedung tinggi kawasan Mangga Dua, Jakarta Utara, ada kampung yang hampir tidak pernah terkena sinar matahari. Kalau kamu tinggal di sana, kira-kira bakal betah atau memilih pindah? Kreatif: Rega Almuhtada  Produser: Akhdi Martin Prata",kompascom,tiktok,73377,491,5185,5185,631410,0,1642,671702.31,177615.75,23.15
v292ffg50001d9crrnfog65psj7mh0rg,https://www.tiktok.com/@kumparan/video/v292ffg50001d9crrnfog65psj7mh0rg,"Azis Suraji, warga Pancoran Mas, Depok, ngaku dapat tindakan tak menyenangkan dari tetangganya sejak 2024. Rumahnya pernah dilempari telur, sampah, sampai helm, motornya pun rusak. Suraji bilang tak tahu pemicu kelakukan tetangganya itu. Ancaman verb",kumparan,tiktok,26317,1042,777,777,770229,0,962,784446.93,199591.25,10.5
v10025g50000d976sivog65h9s55pf30,https://www.tiktok.com/@idntimes/video/v10025g50000d976sivog65h9s55pf30,"Polisi Sita Rp67,2 Miliar dari Kafe de’Clan dan Money Changer, Dibawa Pakai 3 Koper Jakarta, IDN Times - Korps Pemberantasan Tindak Pidana Korupsi (Kortastipidkor Polri) bersama Polda Metro Jaya menyita total Rp67,2 miliar dari penggeledahan di kafe ",idntimes,tiktok,41998,1286,4415,4415,1436009,0,2251,1459382.28,370927.0,12.75
v14025g50000d9asec7og65tj5mcpb5g,https://www.tiktok.com/@idntimes/video/v14025g50000d9asec7og65tj5mcpb5g,Ruang rapat Komisi III DPR RI hari ini diselimuti rasa pilu. Tangis terisak ibunda Almarhum Sabri Sobirin pecah saat menyampaikan kronologi dan kepedihan atas tragedi pembakaran di Ponpes yang menimpa putranya. Didampingi oleh Titi Tantry dari tim hu,idntimes,tiktok,101066,1821,6107,6107,1288826,0,3724,1344099.97,349455.0,17.23
v14044g50000d9gvmt7og65top1vgm70,https://www.tiktok.com/@kompascom/video/v14044g50000d9gvmt7og65top1vgm70,"Asisten Pemerintahan, Keistimewaan Aceh, dan Kesejahteraan Rakyat (Kesra) Pemerintah Kabupaten Gayo Lues, Nevirizal, mengundurkan diri dari jabatan setelah polemik yang melibatkan anggota keluarganya menjadi sorotan publik.  Keputusan tersebut disamp",kompascom,tiktok,35098,301,2202,2202,353505,0,625,372717.91,97776.5,21.55
v14044g50000d9dishfog65l35tkl8bg,https://www.tiktok.com/@tribunnews/video/v14044g50000d9dishfog65l35tkl8bg,Hotman Paris Sebut Rumah Sentul Berisi 74 Kg Emas Bukan Milik Febrie: Dikuasai Don Ritto sejak 2022 Baca berita selengkapnya di situs video.tribunnews.com #hotmanparis #hotman #febrieadriansyah #kasusfebrieadriansyah #eksjampidsus,tribunnews,tiktok,19186,5454,412,412,877729,0,1708,888061.11,225695.25,18.9
v1c044g50000d9oqqtvog65g059iqqag,https://www.tiktok.com/@radityadika28/video/v1c044g50000d9oqqtvog65g059iqqag,Klarifikasi.,radityadika28,tiktok,4003,21,35,35,48190,0,29,50334.74,13062.25,7.94
v14044g50000d9e5clvog65leg57o200,https://www.tiktok.com/@kompascom/video/v14044g50000d9e5clvog65leg57o200,"Nenek berusia 90 tahun menjadi korban pemerkosaan di Kabupaten Grobogan, Jawa Tengah, Rabu (29/6/2026). Pelaku, RU (31), masuk ke rumah, lalu mengancam korban. Saat itu, korban berada di rumah sendirian karena keluarganya sedang bertakziah. Kapolsek ",kompascom,tiktok,38714,2742,17528,17528,1208683,0,2749,1233126.18,316916.75,24.06
026961c1469f31aff5094ab41ce8c8cf,https://www.youtube.com/watch?v=026961c1469f31aff5094ab41ce8c8cf,"KALAU GUE SUDAH BEGINI, INI SUDAH FATAL‼️ - RUBEN ONSU",Deddy Corbuzier,youtube,144722,0,0,0,4361354,0,0,4462543.62,0.0,17.89
bqLZAKUfOSM,https://www.youtube.com/watch?v=bqLZAKUfOSM,"Canção e Louvor - Ah, Eu Vou Falar",Canção & Louvor,youtube,109797,0,0,0,8584085,0,0,8660855.06,0.0,8.81
pqN2k-dxRh4,https://www.youtube.com/watch?v=pqN2k-dxRh4,DR. TIRTA EMOSI DIFITNAH SUKA MAIN JUDOL - Di Podcast Bahlul (Sahil Dan Kamal),NOICE,youtube,55976,0,0,0,3390626,0,0,3429764.42,0.0,12.8
80AIkDTz7mc,https://www.youtube.com/watch?v=80AIkDTz7mc,"Sebelum Tersenggol, Anisa Tak Kuasa Menahan Air Mata Usai Dapat Banyak Catatan dari D'Juri",KapanLagiDotCom,youtube,513,0,0,0,60473,0,0,60831.69,0.0,10.61
0d0de2a2234a0ceb4501ce8b460dddd6,https://www.youtube.com/watch?v=0d0de2a2234a0ceb4501ce8b460dddd6,"PANDJI BUKA SUARA! BAHAS PRABOWO, BAHLIL & TEDDY, LANGSUNG JADI SOROTAN | BICARA SARA WIJAYANTO",C8 Podcast,youtube,4632,0,0,0,304761,0,0,307999.69,0.0,6.33
104797f346e592af1280eb23ca404221,https://www.youtube.com/watch?v=104797f346e592af1280eb23ca404221,"MAKAN KUE TA* , SAMA TOILET TOILETNYA",Willie Salim,youtube,25111,0,0,0,5221911,0,0,5239468.61,0.0,5.29
9Z35yhmontQ,https://www.youtube.com/watch?v=9Z35yhmontQ,"PWK - PERNAH JADI ABANG-ABANGAN DI RADIO, PANDJI GA BISA KE JEBAK SAMA PERTANYAAN GOFAR !!",HAS Creative,youtube,28541,0,0,0,2495433,0,0,2515388.87,0.0,15.03
VU_WFuMjsCk,https://www.youtube.com/watch?v=VU_WFuMjsCk,"Najwa Shihab Tak Berjilbab, Bagaimana Hukum Jilbab? Wajib atau Tidak | Penjelasan UAH Bikin Kaget",Pelita Islam,youtube,5740,0,0,0,842616,0,0,846629.41,0.0,8.91
lWgMrh_Mxc0,https://www.youtube.com/watch?v=lWgMrh_Mxc0,Seberapa Bahaya Gula Sebenarnya?,Kok Bisa?,youtube,37034,0,0,0,1743908,0,0,1769802.17,0.0,8.78
VgPX34_NaDE,https://www.youtube.com/watch?v=VgPX34_NaDE,"Instruksi Presiden Mengejar Hak Siar Piala Dunia 2026, Siapa Diuntungkan | Bocor Alus Politik",Tempodotco,youtube,4343,0,0,0,393723,0,0,396759.63,0.0,8.65
16daf477e823c2e35271e40d006e5708,https://www.youtube.com/watch?v=16daf477e823c2e35271e40d006e5708,Babak Akhir Kasus Kontrakan Viral di Surabaya,detikcom,youtube,510,0,0,0,88088,0,0,88444.59,0.0,1.1
1a97ae84b68214085c08cd9fbe753f5a,https://www.youtube.com/watch?v=1a97ae84b68214085c08cd9fbe753f5a,CARA AJAK ANAK PUTBAL PART 2,Pandji Pragiwaksono,youtube,3437,0,0,0,89190,0,0,91593.15,0.0,12.02
1T9b0cax6s4,https://www.youtube.com/watch?v=1T9b0cax6s4,Ah les crocodiles,Comptines et chansons,youtube,550257,0,0,0,346614293,0,0,346999032.69,0.0,9.95
n0sxFjzZLIw,https://www.youtube.com/watch?v=n0sxFjzZLIw,SPONTAN ( tanpa ) UHUY! – DEABDIL ( Official Performance ) | Alah Alah ... Kok Bisa Ya,DÉABDIL,youtube,79184,0,0,0,17412441,0,0,17467806.45,0.0,-1.32
QysdT2Nhfe8,https://www.youtube.com/watch?v=QysdT2Nhfe8,Mila Cemburu Berat Lihat Valen Duet Bareng Delira (Garut)! Jirayut dan D'Juri Sampai Turun Tangan,KapanLagiDotCom,youtube,5310,0,0,0,771359,0,0,775071.75,0.0,-2.36
262b8da7d92e93a64da43a73f1b0e5df,https://www.youtube.com/watch?v=262b8da7d92e93a64da43a73f1b0e5df,"Roy Suryo Bongkar Latar Belakang Taufik Bilfaqih Usai Dilaporkan, “Maling Teriak Maling”",Okezone,youtube,179,0,0,0,15476,0,0,15601.16,0.0,1.09
TnMe4-2aXes,https://www.youtube.com/watch?v=TnMe4-2aXes,Mengenal IRMA: Standar Global di Balik Tambang Bertanggung Jawab | Narasi Explains,Narasi Newsroom,youtube,121,0,0,0,91211,0,0,91295.6,0.0,-2.83
HOSI5vRbYKY,https://www.youtube.com/watch?v=HOSI5vRbYKY,KAMAL DUO BAHLUL MAU MASUK POLITIK. INCER JADI RT DULU BARU CALEG‼️- Praz - Sahil - Pojok Terminal,Deddy Corbuzier,youtube,79944,0,0,0,5098392,0,0,5154288.84,0.0,11.37
ErovPt5NPQ8,https://www.youtube.com/watch?v=ErovPt5NPQ8,Ramai-Ramai Lepas Status WNI | Explained,Tempodotco,youtube,2880,0,0,0,171597,0,0,173610.7,0.0,3.33
NQDMaUiMBRk,https://www.youtube.com/watch?v=NQDMaUiMBRk,HA-ASH - Quédate Lejos HA-ASH Primera Fila - Hecho Realidad [En Vivo] ft. Maluma,HaAshVEVO,youtube,875714,0,0,0,264834993,0,0,265447292.23,0.0,2.85
3273b074a74083edc20284ca1e11d874,https://www.youtube.com/watch?v=3273b074a74083edc20284ca1e11d874,"AKHIRNYA KUMPUL KELUARHA!! EMAN, MOANA, JOSE NONGKRONG BARENG!!!! Rusuhh…",Ricis Official,youtube,5902,0,0,0,291590,0,0,295716.68,0.0,15.62
34c8f9b7b33d217b3c01d5b338b1fcb0,https://www.youtube.com/watch?v=34c8f9b7b33d217b3c01d5b338b1fcb0,(POV) AH-1F Cobra Airshow Demo | AAHF at Jefferson City 2025,Turn & Burn,youtube,2407,0,0,0,133625,0,0,135307.97,0.0,6.6
kMzetE5Uzvk,https://www.youtube.com/watch?v=kMzetE5Uzvk,PERTAMA KALI SURPRISEIN IBEN DI HARI ULANG TAHUN!!,Willie Salim,youtube,8542,0,0,0,860021,0,0,865993.57,0.0,6.82
sQw2zCMyZOE,https://www.youtube.com/watch?v=sQw2zCMyZOE,RAHASIA JOKOWI & PRABOWO AKHIRNYA TERBONGKAR | Mahfud MD & Rocky Gerung Bongkar Faktanya,Politikus Kampoeng,youtube,3372,0,0,0,318636,0,0,320993.7,0.0,-0.53
394b3e39afa729a6bbc6f4ac2bed8fe9,https://www.youtube.com/watch?v=394b3e39afa729a6bbc6f4ac2bed8fe9,"HA-ASH - Perdón, Perdón (Primera Fila - Hecho Realidad [En Vivo])",HaAshVEVO,youtube,3259851,0,0,0,1121091080,0,0,1123370367.82,0.0,7.86
3a1dacf628fdea2e765ea6d938165a06,https://www.youtube.com/watch?v=3a1dacf628fdea2e765ea6d938165a06,"JULLIANY SOUZA - AH, JESUS / CORAÇÃO IGUAL AO TEU (LETRA)",Julliany Souza,youtube,10523,0,0,0,601087,0,0,608444.68,0.0,9.23
3ac65d2be6413f15b98d15a3bae22332,https://www.youtube.com/watch?v=3ac65d2be6413f15b98d15a3bae22332,Ah Oh Me Lastimé | Yes! Neo | Canciones Infantiles | BabyBus Español,BabyBus - Canciones Infantiles & Videos para Niños,youtube,40262,0,0,0,32781758,0,0,32809909.19,0.0,1.55
3c21d07fde93bd78d5e9ee2c35c3968b,https://www.youtube.com/watch?v=3c21d07fde93bd78d5e9ee2c35c3968b,Membedah Strategi Licik Willie Salim,Ghibran Arrazi,youtube,30452,0,0,0,1833512,0,0,1854804.04,0.0,11.08
D5MnF6tq8ao,https://www.youtube.com/watch?v=D5MnF6tq8ao,Gila… dr. GIA: 8 ORANG MENINGGAL di Ruangan yang Sama‼️😱 GIMANA COBA⁉️😭,Deddy Corbuzier,youtube,41405,0,0,0,2106744,0,0,2135694.38,0.0,7.82
404cc4165ea2727b71b624797d4d1c63,https://www.youtube.com/watch?v=404cc4165ea2727b71b624797d4d1c63,You Know (Ah Ah Aah),One Blood Namibia - Topic,youtube,2975,0,0,0,553438,0,0,555518.12,0.0,3.3
KWQSGUG3VaY,https://www.youtube.com/watch?v=KWQSGUG3VaY,AKHIRNYA RICIS KE PASAR LANGSUNG.. KAGET SYOK!!!,Ricis Official,youtube,20928,0,0,0,1043731,0,0,1058363.86,0.0,7.35
gIOyB9ZXn8s,https://www.youtube.com/watch?v=gIOyB9ZXn8s,"Idina Menzel, AURORA - Into the Unknown (From ""Frozen 2"")",DisneyMusicVEVO,youtube,3758541,0,0,0,749845524,0,0,752473495.87,0.0,19.0
K1ZnLGqKHMU,https://www.youtube.com/watch?v=K1ZnLGqKHMU,Cerita-cerita dari 71 Negara,Raditya Dika,youtube,15910,0,0,0,891373,0,0,902497.27,0.0,9.12
50a8eea4c06ac7560824a2aa99f77241,https://www.youtube.com/watch?v=50a8eea4c06ac7560824a2aa99f77241,CKay - Love Nwantiti Remix ft. Joeboy & Kuami Eugene [Ah Ah Ah] [Official Music Video],CKay,youtube,6211904,0,0,0,623144683,0,0,627488046.28,0.0,7.4
53b9980e91927f8181bd63286a6ec9bb,https://www.youtube.com/watch?v=53b9980e91927f8181bd63286a6ec9bb,Bernadya Lebih Suka Ngekos,Raditya Dika,youtube,21118,0,0,0,1240242,0,0,1255007.71,0.0,12.9
otl-7F-Lh0w,https://www.youtube.com/watch?v=otl-7F-Lh0w,kang yo han & jung sun ah; 𝐤𝐢𝐬𝐬 𝐔 𝐫𝐢𝐠𝐡𝐭 𝐧𝐨𝐰 | the devil judge 𝐟𝐦𝐯,achoo,youtube,1568,0,0,0,2203694,0,0,2204790.35,0.0,-1.25
9OFpfTd0EIs,https://www.youtube.com/watch?v=9OFpfTd0EIs,Billy Idol - Eyes Without A Face,BillyIdolVEVO,youtube,2545771,0,0,0,521035823,0,0,522815826.08,0.0,11.25
5730a0202bf38494dd8aad9b37087418,https://www.youtube.com/watch?v=5730a0202bf38494dd8aad9b37087418,ALOY & IBOT: HANCUR NIH ACARA GARA2 LOE YA‼️🤣 PULANG LOE! BUBARR AJA LAH MARAPTHON ‼️🤣🤣 - VIDI,Deddy Corbuzier,youtube,200734,0,0,0,11639447,0,0,11779800.21,0.0,2.36
cOc4Kv8f-KE,https://www.youtube.com/watch?v=cOc4Kv8f-KE,NYERAH‼️LAGI PODCAST MALAH KESURUPAN‼️ LOGICKAH? - Frimawan / Gerallio,Deddy Corbuzier,youtube,5805,0,0,0,295637,0,0,299695.86,0.0,2.86
5a88eb18641ff796c1e7318e87bbdfb7,https://www.youtube.com/watch?v=5a88eb18641ff796c1e7318e87bbdfb7,"KABAR ROY SURYO SIDANG HARI INI SANGAT MEMATIKAN, JOKOWI KE NTT AMIN RAIS RUNGKAD",AGRI FANANI,youtube,2214,0,0,0,49222,0,0,50770.03,0.0,16.64
sEa63DgQ_wk,https://www.youtube.com/watch?v=sEa63DgQ_wk,Pandji Pragiwaksono Merespons Tudingan Antek Asing Prabowo | Bocor Alus Politik,Tempodotco,youtube,16342,0,0,0,1036305,0,0,1047731.33,0.0,11.94
EZxSw2RqBkM,https://www.youtube.com/watch?v=EZxSw2RqBkM,Apa Jadinya Jika Mata Kita Bisa Melihat Sinyal?,Kok Bisa?,youtube,3896,0,0,0,131138,0,0,133862.08,0.0,12.27
5fa7781d7e9dde39cd5884e3d5460f3b,https://www.youtube.com/watch?v=5fa7781d7e9dde39cd5884e3d5460f3b,Kenapa Peradaban Besar Selalu Mulai di Area Ini?,Kok Bisa?,youtube,3733,0,0,0,125739,0,0,128349.11,0.0,10.94
R2bCH-ikYIs,https://www.youtube.com/watch?v=R2bCH-ikYIs,ORANG PINTER NGADU LOGIKA‼️ LOGICKAH? - FRIMAWAN / FERRY IRWANDI,Deddy Corbuzier,youtube,19408,0,0,0,1053788,0,0,1067358.07,0.0,8.16
63aa412b7fafe64a3894e8e6027494a9,https://www.youtube.com/watch?v=63aa412b7fafe64a3894e8e6027494a9,Ah! Leah!,Donnie Iris - Topic,youtube,99596,0,0,0,14176614,0,0,14246251.52,0.0,1.29
qXznd3rg5ko,https://www.youtube.com/watch?v=qXznd3rg5ko,"Rina Nose TERCYDUG Niruin NAJWA SHIHAB, Malu Sampe Gemeter | OPERA VAN JAVA (19/11/19) Part 1",TRANS7 OFFICIAL,youtube,285986,0,0,0,32495361,0,0,32695322.41,0.0,6.0
OoIYIQeGxHI,https://www.youtube.com/watch?v=OoIYIQeGxHI,"Video Detik-detik Belasan Biksu Ditabrak Mobil yang Dikendarai Bocah 11 Tahun, 8 Orang Meninggal",Tribunnews,youtube,83,0,0,0,38205,0,0,38263.03,0.0,-0.81
68cd46ea44d47a18e100b6c24e82f8d6,https://www.youtube.com/watch?v=68cd46ea44d47a18e100b6c24e82f8d6,Aa | Roach Killa | Arif Lohar | Deep Jandu | New  Song 2024 | Jazba Entertainment,Roach Killa Productions,youtube,1544928,0,0,0,228495425,0,0,229575638.66,0.0,14.99
6e03b84d3a28c639a6e306999c748188,https://www.youtube.com/watch?v=6e03b84d3a28c639a6e306999c748188,AKHIRNYA RICIS BAWA SEMUA KELUARGA KE TENGAH LAUT!!!!,Ricis Official,youtube,6840,0,0,0,300118,0,0,304900.53,0.0,11.45
6f13b0f5b1c07b55a04c96f143d259da,https://www.youtube.com/watch?v=6f13b0f5b1c07b55a04c96f143d259da,HA-ASH - Lo Aprendí de Ti (Primera Fila - Hecho Realidad [En Vivo]),HaAshVEVO,youtube,4661847,0,0,0,1841522611,0,0,1844782174.42,0.0,2.67
EW8DYAVJo6s,https://www.youtube.com/watch?v=EW8DYAVJo6s,"[FULL] Kuliti Pembelaan Hotman atas Kasus Febrie, Susno Duadji: Orang Baru Belajar Hukum Aja Tahu",Tribunnews,youtube,633,0,0,0,119240,0,0,119682.59,0.0,4.74
gRQ6gafjLo0,https://www.youtube.com/watch?v=gRQ6gafjLo0,Tampang 3 Pembunuh Polisi di Katingan Meringis Kesakitan Usai Didor Aparat,Kompas.com,youtube,658,0,0,0,110448,0,0,110908.07,0.0,1.7
kmDBDn8Ju6w,https://www.youtube.com/watch?v=kmDBDn8Ju6w,a-ha - Take On Me (Lyrics),7clouds Acoustic,youtube,21423,0,0,0,2393016,0,0,2407994.96,0.0,4.02
Y7WIeL2c-_s,https://www.youtube.com/watch?v=Y7WIeL2c-_s,ROCKY GERUNG TERKEJUT DENGAN CARA BERPIKIR SHERLY TJOANDA Percakapan Ini Membuat Banyak Orang Mulai,Mhd Daud Pinem,youtube,1499,0,0,0,170143,0,0,171191.1,0.0,7.51
7fa7899f2b0a225774d182ece4d4d782,https://www.youtube.com/watch?v=7fa7899f2b0a225774d182ece4d4d782,Seberapa Bahaya Paku Berkarat Sebenarnya?,Kok Bisa?,youtube,32084,0,0,0,2110199,0,0,2132632.13,0.0,13.68
812240b389b352e036b7d4f00198f58f,https://www.youtube.com/watch?v=812240b389b352e036b7d4f00198f58f,DIAJAK DZAWIN KE GUNUNG KAWI - PANDJI DI STANDUPFEST 2025 FULL SET,Pandji Pragiwaksono,youtube,55859,0,0,0,3303000,0,0,3342056.61,0.0,14.18
8205c992526bbbf934c85c9bc7e47e62,https://www.youtube.com/watch?v=8205c992526bbbf934c85c9bc7e47e62,CARA BERDOA YANG BENAR pt.2 - PUTBAL,Pandji Pragiwaksono,youtube,7615,0,0,0,273867,0,0,279191.41,0.0,7.72
6O0KlrX8u2E,https://www.youtube.com/watch?v=6O0KlrX8u2E,EMAN PERIKSA GIGI PERTAMA KALI. LUCU BANGET NURUT AJA..!!,Ricis Official,youtube,3650,0,0,0,142815,0,0,145367.08,0.0,8.8
91ebda73465e79380b4dff87100071c6,https://www.youtube.com/watch?v=91ebda73465e79380b4dff87100071c6,HA-ASH - Te Dejo en Libertad (Primera Fila - Hecho Realidad [En Vivo]),HaAshVEVO,youtube,990473,0,0,0,514961006,0,0,515653544.72,0.0,10.8
92633a35af066918e8ba4c8451cdfe65,https://www.youtube.com/watch?v=92633a35af066918e8ba4c8451cdfe65,GABUT TENGAH MALEM!! NAGITA DATENGIN JAJANAN LANGSUNG DARI AMERIKA KE ANDARA!!!,Rans Entertainment,youtube,69750,0,0,0,5153973,0,0,5202742.2,0.0,13.64
EyOhgeN809w,https://www.youtube.com/watch?v=EyOhgeN809w,Apa yang Istimewa dari Otak Manusia?,Kok Bisa?,youtube,5628,0,0,0,195163,0,0,199098.1,0.0,9.39
necgQEMkYEo,https://www.youtube.com/watch?v=necgQEMkYEo,"ALOY: EH GUE GAK BAU YA😂😂 - SIAP KING‼️ - VIDI, GARRY MARAPTHON",Deddy Corbuzier,youtube,241402,0,0,0,12096936,0,0,12265724.28,0.0,11.28
95b0c9efd61b6fa7a3d1f431303d3bdf,https://www.youtube.com/watch?v=95b0c9efd61b6fa7a3d1f431303d3bdf,Era Kuota Internet 'Hangus' Berakhir? | Liputan6,Liputan6,youtube,6271,0,0,0,555129,0,0,559513.68,0.0,1.62
99f8efeb5858fa21255ea7a1d726a9eb,https://www.youtube.com/watch?v=99f8efeb5858fa21255ea7a1d726a9eb,PARANORMAL EXPERIENCE: RUBEN ONSU KENA ILMU HITAM,Raditya Dika,youtube,284522,0,0,0,11652406,0,0,11851343.78,0.0,8.19
RC2YfX4Rr2o,https://www.youtube.com/watch?v=RC2YfX4Rr2o,BONGKAR SEMUA KADO ULTAH!! KLARIFIKASI UMMA OKI…,Ricis Official,youtube,12863,0,0,0,818756,0,0,827749.81,0.0,12.06
9bd23a2b57be41e6502049b04832c4bb,https://www.youtube.com/watch?v=9bd23a2b57be41e6502049b04832c4bb,OKI DM: SAYA JAMIN PAK PRABOWO KALAH VIEWS SAMA SAYA OM‼️🤣TARUHAN NY4WA LAH!!,Deddy Corbuzier,youtube,65554,0,0,0,1435157,0,0,1480992.36,0.0,24.98
9ccb656317337aa3cc5b39d64c5194fd,https://www.youtube.com/watch?v=9ccb656317337aa3cc5b39d64c5194fd,NAGITA SLAVINA - MENERKA NERKA (Official Music Video),Rans Entertainment,youtube,654567,0,0,0,26204883,0,0,26662556.25,0.0,14.13
AAvvivAB8r4,https://www.youtube.com/watch?v=AAvvivAB8r4,Sutrimo yang Tewas Diduga Kepala Rumah Tangga Eks Jampidsus,Tempodotco,youtube,307,0,0,0,43371,0,0,43585.65,0.0,7.52
ab4e15ae0eceea3d41c89e3becc9ffc5,https://www.youtube.com/watch?v=ab4e15ae0eceea3d41c89e3becc9ffc5,[FULL] Persib Serius Tatap Asia! Ketum Viking Idamkan 2 Inisial ‘P’ Timnas Join Maung | Locker Room,Okezone,youtube,3170,0,0,0,160877,0,0,163093.46,0.0,9.97
b0b1b28a4451e61ee6811259a81cabb5,https://www.youtube.com/watch?v=b0b1b28a4451e61ee6811259a81cabb5,PERNIKAHAN ISLAMI PART 2 - PUTBAL,Pandji Pragiwaksono,youtube,7026,0,0,0,208606,0,0,213518.58,0.0,10.32
27NqOlLXE30,https://www.youtube.com/watch?v=27NqOlLXE30,"Viral Video PM Israel Netanyahu Dimarahi Istri di Depan Publik, Akui Didorong saat Masuk Area VIP",Tribunnews,youtube,848,0,0,0,171440,0,0,172032.92,0.0,5.1
uMxQI5DuGGk,https://www.youtube.com/watch?v=uMxQI5DuGGk,Ada Apa di Dalam Lubang Hitam?,Kok Bisa?,youtube,68475,0,0,0,3946684,0,0,3994561.72,0.0,17.21
bb0af2b2cfbe733e08ce97fdc0df7f48,https://www.youtube.com/watch?v=bb0af2b2cfbe733e08ce97fdc0df7f48,"MARAPTHON SIBUK LIVE, CEWEKNYA GUE CHULIX SEMUA🤣🤣GOXZ NIH CEWE2!!",Deddy Corbuzier,youtube,120706,0,0,0,5716848,0,0,5801245.64,0.0,11.7
ef1yacyTbbs,https://www.youtube.com/watch?v=ef1yacyTbbs,RICIS BELI HADIAH ULANG TAHUN SENDIRI DI THAILAND!!,Ricis Official,youtube,5474,0,0,0,319831,0,0,323658.42,0.0,15.1
bf4aa12863b4f87e022f4b16621f6c69,https://www.youtube.com/watch?v=bf4aa12863b4f87e022f4b16621f6c69,Sub Urban - UH OH! (feat. BENEE) [Official Music Video],Sub Urban,youtube,1964870,0,0,0,330593942,0,0,331967779.1,0.0,-1.51
c03ada834ea65fb559a98ce0678e8de6,https://www.youtube.com/watch?v=c03ada834ea65fb559a98ce0678e8de6,PENTINGNYA MENGEJAR MIMPI,Pandji Pragiwaksono,youtube,9374,0,0,0,464448,0,0,471002.3,0.0,13.1
T4xCa3V5D2w,https://www.youtube.com/watch?v=T4xCa3V5D2w,Kilas balik saat Ahok bicara soal MBG dan pemerintahan #ahok #podcast #politik,Mereka Berbicara,youtube,4161,0,0,0,493391,0,0,496300.37,0.0,5.93
U7uG6J7N85M,https://www.youtube.com/watch?v=U7uG6J7N85M,YUSUF MOANA BERANTEM GAK BERHENTI.. Kacauuu..,Ricis Official,youtube,134059,0,0,0,6128660,0,0,6222394.05,0.0,10.83
ktZ9FEqZC1A,https://www.youtube.com/watch?v=ktZ9FEqZC1A,"AKHIRNYA TIFA BEBAS MURNI DARI SEMUA TUNTUKAN HUKUM, MENGEJUTKAN HARUSNYA DIAN SANDI YG MELAPORKAN",AGRI FANANI,youtube,2872,0,0,0,107619,0,0,109627.1,0.0,10.74
d84012df02ed1bd8874f323e6170ad09,https://www.youtube.com/watch?v=d84012df02ed1bd8874f323e6170ad09,LUNA PERNAH CEL1N6KUH‼️AUDI MARISSA BIKIN VIDI NANGIS DI POJOKAN‼️🤣KACAU EPISODE HARI INI,Deddy Corbuzier,youtube,116923,0,0,0,6615664,0,0,6697416.56,0.0,1.9
fyOUYTsME9I,https://www.youtube.com/watch?v=fyOUYTsME9I,[FULL] NADIEM: KRIMINALISASI ATAU KORUPSI?,Indonesia Lawyers Club,youtube,5493,0,0,0,492695,0,0,496535.71,0.0,5.45
n8fLS7Vyioo,https://www.youtube.com/watch?v=n8fLS7Vyioo,"RANS Mau IPO Senilai 2 Triliun, Untuk Apa?",Raymond Chin,youtube,15088,0,0,0,1294245,0,0,1304794.53,0.0,9.05
FtiPh8Y37gQ,https://www.youtube.com/watch?v=FtiPh8Y37gQ,Tegas! Refly Harun Desak Rismon Juga Dituntut dengan Pasal 32 dan 35,Okezone,youtube,1172,0,0,0,170434,0,0,171253.46,0.0,10.76
df3a6950c750a9cabb575df154c5cccb,https://www.youtube.com/watch?v=df3a6950c750a9cabb575df154c5cccb,"BENERAN NGERI!! STRATEGI CHRIS JOHN ""THE DRAGON"" HANCURKAN LAWAN!!",Azka Corbuzier,youtube,5720,0,0,0,754858,0,0,758857.42,0.0,3.28
F5Q0Q_G2VXw,https://www.youtube.com/watch?v=F5Q0Q_G2VXw,"VIOR: AKU PUNYA BAYI GEMOY‼️NIH MAMA KU UDAH SETRES‼️😂😂 - VIDI, VONY, YOLA",Deddy Corbuzier,youtube,131423,0,0,0,6656867,0,0,6748757.96,0.0,7.9
6_fW0imOre8,https://www.youtube.com/watch?v=6_fW0imOre8,"Detik-Detik Angkasa (Surabaya) Tersenggol Dari Grup 4 Top 42, Inayah (Gowa) Nangis Paling Kenceng",KapanLagiDotCom,youtube,299,0,0,0,34763,0,0,34972.06,0.0,1.07
eGRzrZ-IxbI,https://www.youtube.com/watch?v=eGRzrZ-IxbI,Ribuan Anak Indonesia Diambil dan Dibawa ke Belanda | Bocor Alus Politik,Tempodotco,youtube,3066,0,0,0,189977,0,0,192120.75,0.0,11.41
wOfCHXQ78oc,https://www.youtube.com/watch?v=wOfCHXQ78oc,"Coach Melly Lee & Fildan Rebutan Syafiq (Nunukan), Mae Soimah Akhirnya Kasih Keputusan!",KapanLagiDotCom,youtube,933,0,0,0,142332,0,0,142984.35,0.0,5.33
zPylvWW6GE8,https://www.youtube.com/watch?v=zPylvWW6GE8,Ah Les Crocodiles! | Chant des Animaux | HeyKids Français | Animaj Kids,Animaj Kids - Chansons pour Enfants en Français,youtube,75175,0,0,0,64298562,0,0,64351124.36,0.0,4.9
ydE9TD6vhE8,https://www.youtube.com/watch?v=ydE9TD6vhE8,Adili Reza Arap!,Raditya Dika,youtube,96107,0,0,0,5154621,0,0,5221819.01,0.0,13.26
A4OAR8giCv8,https://www.youtube.com/watch?v=A4OAR8giCv8,PERTAMA KALI MOANA KE TENGAH LAUT DALAM!!!,Ricis Official,youtube,5344,0,0,0,187112,0,0,190848.52,0.0,11.86
P3WFCKvBkCc,https://www.youtube.com/watch?v=P3WFCKvBkCc,KUMPUL SEMUA KELUARGA!! EMAN & MOANA BERSETERU!!!!,Ricis Official,youtube,5161,0,0,0,245123,0,0,248731.57,0.0,13.51
i4R9nOjrsM0,https://www.youtube.com/watch?v=i4R9nOjrsM0,DUO BAHLUL: JANGAN ENTE UNDANG KITE LAGI‼️LOGICKAH? - FRIMAWAN / DUO BAHLUL,Deddy Corbuzier,youtube,30158,0,0,0,1913248,0,0,1934334.47,0.0,5.98
f60d97f9edb7978d8e2c767f2e618576,https://www.youtube.com/watch?v=f60d97f9edb7978d8e2c767f2e618576,GAYA AGRESIF DAUD YORDAN BIKIN LAWAN KETAKUTAN! AZKA BELAJAR DARI RAJA KNOCKOUT!,Azka Corbuzier,youtube,1556,0,0,0,134273,0,0,135360.96,0.0,4.0
f69a322f7f58ce0ae77e142fc33de8bb,https://www.youtube.com/watch?v=f69a322f7f58ce0ae77e142fc33de8bb,LEBIH BERGENGSI?! Bongkar Format FIFA ASEAN CUP 2026,Starting Eleven,youtube,1193,0,0,0,66926,0,0,67760.15,0.0,5.2
f6f42cd93fb930b707b3e2f6c16794d2,https://www.youtube.com/watch?v=f6f42cd93fb930b707b3e2f6c16794d2,"AH, JESUS - JULLIANY SOUZA  (Com Letra)",Louvores com Letra Oficial,youtube,18567,0,0,0,1274324,0,0,1287306.05,0.0,1.81
f7e7bcfc168b15f3fd3e962446b643d0,https://www.youtube.com/watch?v=f7e7bcfc168b15f3fd3e962446b643d0,Meramaikan Marapthon - .ID weekly Vlog Eps 206,Pandji Pragiwaksono,youtube,2789,0,0,0,79430,0,0,81380.07,0.0,14.21
f8f7069d9fe2faa746ad0e97bc805896,https://www.youtube.com/watch?v=f8f7069d9fe2faa746ad0e97bc805896,AKU ULANG TAHUN DI PHUKET!!!,Ricis Official,youtube,5861,0,0,0,196648,0,0,200746.01,0.0,13.05
ov3S7SE4Sxc,https://www.youtube.com/watch?v=ov3S7SE4Sxc,GILIRAN ARJUNA EMAN MOANA SHOPPING SEPUASNYA!! Sekolah Bareng..,Ricis Official,youtube,8120,0,0,0,422741,0,0,428418.5,0.0,9.02
ffedced52bb416ac5dd793dbae76d113,https://www.youtube.com/watch?v=ffedced52bb416ac5dd793dbae76d113,Njan Teman Canggung Saya,Raditya Dika,youtube,21987,0,0,0,920465,0,0,935838.31,0.0,10.17
3950303349140834269,https://www.threads.net/@willie27_/post/DbSS_dok0fd,"Terima kasih atas sambutan hangatnya, Pesantren Dalwa. ❤️ MasyaAllah, senang sekali bisa bertemu dan berbagi momen bersama. Semoga Allah selalu memberkahi langkah kita semua dan semoga bisa dipertemukan lagi di lain kesempatan. 🤍",willie27_,threads,1608,58,30,27,32160,0,0,1664.77,13.23,9.75
3949549035124304142,https://www.threads.net/@willie27_/post/DbPnev9kikO,MAAF YA 😜,willie27_,threads,326,105,7,11,6520,1,0,390.88,6.68,7.64
3942973278059128554,https://www.threads.net/@dr.tirta/post/Da4QU49kmbq,Milo Cepi Maya  Jutek bener 🗿😵‍💫👹,dr.tirta,threads,4658,378,68,45,93160,1,0,4912.06,32.8,11.8
3950891275184651662,https://www.threads.net/@dr.tirta/post/DbUYq6bkj2O,Perjalanan pola makan @elziwai dari yg ekstrim sampe sekarang pola diet trstruktur karena lagi fokus “ngebuild otot”,dr.tirta,threads,123,20,17,4,2460,1,0,142.83,6.23,13.48
3943230750149721205,https://www.threads.net/@pandji.pragiwaksono/post/Da5K3miEjx1,Apakah jadi manajer kopdes merupakan pilihan karir yg tepat?,pandji.pragiwaksono,threads,1478,66,9,45,29560,1,0,1538.89,12.51,6.38
3955583976098425826,https://www.threads.net/@pandji.pragiwaksono/post/DblDqsukuvi,Kalangan baru lagi nih 😂😂😂,pandji.pragiwaksono,threads,1366,157,526,54,27320,6,0,1696.74,146.44,8.76
3938620424251002698,https://www.threads.net/@dr.tirta/post/Daoymh8lE9K,Done for today 90 menit session. Last km malah ngikutin @psourced yg lagi cooling down 🗿,dr.tirta,threads,290,16,2,1,5800,1,0,299.95,1.97,13.05
3937735898360365077,https://www.threads.net/@dr.tirta/post/Dalpe_BEsAV,Perancis nampaknya akan masuk final yeeee kalo diliat dari game yg udah mreka mainkan.,dr.tirta,threads,4076,265,23,47,81520,2,0,4251.16,21.07,12.04
3946623738930089694,https://www.threads.net/@willie27_/post/DbFOWFlDU7e,IZIN BALAP 🙏🏻,willie27_,threads,258,29,2,14,5160,0,0,281.18,3.55,4.18
3941095897287530647,https://www.threads.net/@dr.tirta/post/DaxldZ3kpiX,Mau ngegas takut digas balik 😭😭😭,dr.tirta,threads,844,128,13,5,16880,1,0,920.95,7.5,10.23
3943235734140485798,https://www.threads.net/@dr.tirta/post/Da5MAIPEgCm,"bapak anak potong rambut, makasih @dibawahpohon_ , selalu memuaskan",dr.tirta,threads,1679,56,20,6,33580,0,0,1720.48,7.0,5.41
3954986194211846563,https://www.threads.net/@caniacitta/post/Dbi7v09kjmj,Jogja yang manis dan teduh.,caniacitta,threads,150,10,0,4,3000,2,0,157.31,2.91,3.26
3949892910565222120,https://www.threads.net/@attahalilintar/post/DbQ1qy7Eubo,😭😭😭,attahalilintar,threads,1349,65,52,74,26980,3,0,1441.19,30.13,8.63
3939496920809100591,https://www.threads.net/@dr.tirta/post/Dar55O-klUv,Soto sore2 jebul enak tenan,dr.tirta,threads,5095,867,21,39,101900,9,0,5590.59,37.65,1.02
3947644905682243885,https://www.threads.net/@dr.tirta/post/DbI2iBOkhEt,"Hari ini tidak lari pagi, karena kerjaan dari pagi padat banget. Pulang kerja, otak capek, kita lampiaskan di GBK saja. Biar pas sampe rumah sudah damai.  Stress release. Dopamin booster. “Runners high”  Makasih menunya @latiefarfn",dr.tirta,threads,1230,64,15,8,24600,1,0,1274.66,7.3,-0.42
3950256906192041899,https://www.threads.net/@willie27_/post/DbSIboRHDer,SOLID🤙🏻,willie27_,threads,66,8,1,2,1320,1,0,71.69,1.75,2.54
3943109009847017440,https://www.threads.net/@dr.tirta/post/Da4vMDCkt_g,"Berhenti merokok itu depends niat. Kalo niat berhentinya lebih besar daripada keinginan merokoknya, ya akan brenti sendiri.  Alasan terkuatku brenti: karena anak.  Soal tattoo kan susah diilangin, proses lama kata sejawatku spDVE. Setidaknya kalo tat",dr.tirta,threads,6986,469,425,420,139720,24,0,7617.63,211.45,4.84
3942855249673516106,https://www.threads.net/@dr.tirta/post/Da31fWdkvRK,Pagi2 liat dia plonga plongo 🗿,dr.tirta,threads,3140,149,19,25,62800,2,0,3240.35,13.94,9.6
3940395735342752648,https://www.threads.net/@dr.tirta/post/DavGQtPkaOI,"Sekali2 menggunakan ilmu s2 buat kawan2. Ibaratnya ilmu s1 buat diagnosa penyakit, ilmu s2 saya buat diagnosa perusahaan hahaha  Di video ini saya cuma kasi tau, namanya orang tamak mreka sudah pada tahap ga peduli lagi income mana haram halal. Yang ",dr.tirta,threads,1466,71,48,107,29320,3,0,1575.5,35.19,3.5
3937429589151776939,https://www.threads.net/@dr.tirta/post/Dakj1mVgQCr,"Semoga suatu saat entah kapan, bisa buat toko di sydney.",dr.tirta,threads,7921,245,10,26,158420,3,0,8069.9,14.77,2.58
3950483321884069330,https://www.threads.net/@dr.tirta/post/DbS76aUAU3S,"Interval sore sore, menjalankan menu dari pak @latiefarfn dengan bantuan pacer pribadi mas @putufahru   Udah direkamin, dipacerin, top wis mas putu okok hahaha Makasih",dr.tirta,threads,696,57,6,1,13920,0,0,729.77,2.73,13.61
3935340977737366978,https://www.threads.net/@pandji.pragiwaksono/post/DadI8TYEv3C,DHUAARRR,pandji.pragiwaksono,threads,148,11,4,1,2960,0,0,156.09,1.36,4.52
3942187498902564243,https://www.threads.net/@dr.tirta/post/Da1dqTGEq2T,Baru sadar brarti messi sudah 3x masuk final piala dunia ya.  Edan cok -.-,dr.tirta,threads,13430,372,69,153,268600,4,0,13732.79,55.28,9.74
3950982356601591428,https://www.threads.net/@willie27_/post/DbUtYUnEtaE,LAUTAN NGABERS 🤙🏻,willie27_,threads,275,179,19,10,5500,3,0,384.39,12.83,4.55
3945841716460931760,https://www.threads.net/@dr.tirta/post/DbCciKZkkqw,Pullup dulu setelah menu threshold ya kawan.,dr.tirta,threads,736,115,7,2,14720,1,0,801.98,5.26,5.22
3943122190875152256,https://www.threads.net/@willie27_/post/Da4yL21Es-A,Belum ada apa apanya 🙏🏻,willie27_,threads,100,25,3,2,2000,0,0,115.71,1.56,7.08
3946845806674470924,https://www.threads.net/@dr.tirta/post/DbGA1mSEmgM,Tidur berkualitas itu merupakan salah satu recovery terbaik dan efektif.,dr.tirta,threads,30820,701,270,1815,616400,64,0,32177.86,468.22,5.05
3945358227075576621,https://www.threads.net/@kompascom/post/DbAumd0gTMt,"KISAH GURU DI PESISIR SIDOARJO: SEJAM NAIK PERAHU, BERPAPASAN BUAYA, DAN MENGAJAR DI TENGAH ROB  ~MS  📸KOMPAS.com/JACK ROBBY DAMARJATI",kompascom,threads,395,15,7,55,7900,4,0,432.28,15.84,7.85
3954914672612503090,https://www.threads.net/@willie27_/post/DbirfDSDG4y,Semoga Berkah ❤️,willie27_,threads,224,45,6,7,4480,0,0,254.15,3.57,4.25
3950628780876813811,https://www.threads.net/@willie27_/post/DbTc_HjmNXz,"Disambut dengan hangat oleh ribuan santri, diajak keliling, dijamu dengan baik, dan bisa ngobrol langsung bersama semuanya. MasyaAllah ❤️  Terima kasih banyak untuk seluruh keluarga besar Pesantren Dalwa atas sambutan yang luar biasa. Senang banget b",willie27_,threads,317,18,1,3,6340,0,0,328.57,1.12,4.71
3954141091683508778,https://www.threads.net/@willie27_/post/Dbf7l95kiIq,Kado ulang tahun,willie27_,threads,88,23,3,1,1760,0,0,102.15,1.35,3.86
3948861607027456686,https://www.threads.net/@kompascom/post/DbNLLWqDLqu,"https://megapolitan.kompas.com/read/2026/07/24/22055641/sopir-alphard-gantian-sujud-di-depan-satpam-bundaran-hi-saat-mediasi-atas?utm_campaign=threads_kompascom  Polisi pengemudi Alphard yang arogan kini bersujud & push-up minta maaf pada satpam Fi",kompascom,threads,12,6,0,2,240,0,0,16.19,0.47,14.71
3948678269200620732,https://www.threads.net/@kompascom/post/DbMhfcAAdy8,"BERTARUH NYAWA DI ATAS SUNGAI SANTAN, KISAH ANAK-ANAK MARANGKAYU BERGELANTUNGAN DEMI BISA BERSEKOLAH  ~MS  KOMPAS.COM / Pandawa Borniat",kompascom,threads,809,26,10,153,16180,6,0,900.25,36.34,6.72
3945427651884357853,https://www.threads.net/@dr.tirta/post/DbA-Yutkhjd,Skrng tinggal menunggu EPL mulai lagi dan berita transfer dari liverpool.,dr.tirta,threads,2033,174,25,43,40660,0,0,2157.95,17.1,3.34
3943215274174570477,https://www.threads.net/@pandji.pragiwaksono/post/Da5HWZaEd_t,Nonbar final Piala Dunia di mana ya enaknya?,pandji.pragiwaksono,threads,330,173,7,4,6600,0,0,428.26,5.72,13.59
3951038448815735156,https://www.threads.net/@kapanlagicom/post/DbU6IkjkoF0,Sule angkat bicara setelah Pengadilan Tinggi Agama (PTA) Bandung mengabulkan permohonan banding Teddy Pardiyana terkait status ahli waris almarhumah Lina Jubaedah. Putusan tingkat banding itu sekaligus membatalkan keputusan Pengadilan Agama Bandung y,kapanlagicom,threads,50,46,1,0,1000,0,0,75.26,1.12,5.72
3948640539071642514,https://www.threads.net/@willie27_/post/DbMY6ZFEnuS,"Pertama kali jadi ngabers langsung ikut night ride akbar speedtuning.id  pecah ramai banget🔥 Ga lupa bagi-bagi kejutan buat peserta yang dateng. RESMI LOGIN VARIO, LET’S GO!! 😎",willie27_,threads,185,164,38,8,3700,7,0,293.29,20.8,14.09
3950968437560537940,https://www.threads.net/@detikcom/post/DbUqNxfk3NU,"Perdana Menteri Spanyol, Pedro Sánchez merespons video dari Gaza yang memperlihatkan Layan, seorang anak Palestina, meresmikan mural dirinya di tengah puing-puing Gaza.  Dalam video balasannya, Sánchez mengucapkan terima kasih kepada Layan, para seni",detikcom,threads,113,5,3,8,2260,3,0,120.77,5.26,-3.78
3940760523592520185,https://www.threads.net/@kompascom/post/DawZNExnVH5,"KISAH SENJA HERU BASKORO, PUTRA SAYUTI MELIK YANG BERJUANG MELAWAN SAKIT DI KONTRAKAN BEKASI  📸Kompas.com/Nurpini Aulia Rapika",kompascom,threads,469,20,9,36,9380,1,0,500.75,10.02,0.39
3946156143483704472,https://www.threads.net/@pandji.pragiwaksono/post/DbDkBrYklSY,"PANDJI JOKE TELLING, TEK!",pandji.pragiwaksono,threads,334,8,2,9,6680,0,0,343.45,2.25,6.71
3944278412219254088,https://www.threads.net/@dr.tirta/post/Da85FF3kgVI,"Keburu event larinya mulai, match belum kelar. Moga2 menang dah",dr.tirta,threads,1181,87,0,0,23620,0,0,1227.98,1.66,10.74
3944682962830940488,https://www.threads.net/@dr.tirta/post/Da-VEE_EtlI,"Siapa sangka 2 kucing ini beneran memberikan kebahagiaan ga terkira buat keluargaku.  Bagiku kehadiran bibi ama stan dah lebih dari cukup di jakarta, eh ternyata per juli - desember 2026 ini, bibi + stan dikontrak ama purina Indonesia.  Ga ngira. Hah",dr.tirta,threads,3874,138,29,47,77480,0,0,3983.09,18.1,9.08
3950633868844371640,https://www.threads.net/@willie27_/post/DbTeJKGGI64,"Disambut dengan hangat, diajak keliling, dijamu dengan baik, dan bisa ngobrol langsung bersama para santri. MasyaAllah ❤️  Terima kasih banyak untuk seluruh keluarga besar Pesantren Dalwa. Senang banget bisa dapat banyak cerita dan pengalaman baru da",willie27_,threads,90,8,1,0,1800,0,0,94.74,0.4,4.57
3941827202342113868,https://www.threads.net/@dr.tirta/post/Da0LvSxktJM,"Contoh progress  @putufahru 2024 lari 10km di JRF avg hr nya tembus 199bpm  Latihan konsisten perlahan 1.5 tahun under @crosslimittraining eh jadi nano influencer performance runner.  2026 bareng tim SAC ke GCM vfm 3 jam 19 menit. Selain sac, skrng d",dr.tirta,threads,417,31,6,4,8340,0,0,438.16,2.77,5.13
3942300091512170243,https://www.threads.net/@tribunnews/post/Da13QvIkqcD,"Kuasa hukum Roy Suryo, Refly Harun, memastikan kliennya akan mengajukan praperadilan ketiga terkait kasus tudingan ijazah palsu Jokowi. Setelah praperadilan pertama dikabulkan sebagian dan praperadilan kedua masih berjalan, kini Roy bersiap menguji p",tribunnews,threads,36,19,0,2,720,1,0,47.21,1.72,1.01
3942039726358415801,https://www.threads.net/@dr.tirta/post/Da08D7MEkm5,"Silakan cek threads @psourced @latiefarfn  @rafipace_ @putufahru dkk today  Mreka post progress, konsistensi + disampaikan dengan story telling yg bagus. Mereka memilih jalur “pelari influencer perfomance”  Apakah profesi mereka awalnya pelari? Jelas",dr.tirta,threads,538,49,6,20,10760,2,0,576.52,7.98,3.61
3942049374775959887,https://www.threads.net/@dr.tirta/post/Da0-QU-kmFP,Kena comeback 10 menit akhir wkwkwwkw Apes tenan england,dr.tirta,threads,5806,496,49,107,116120,4,0,6145.42,44.55,7.03
3948816571946503725,https://www.threads.net/@kompascom/post/DbNA8AeDA4t,"https://nasional.kompas.com/read/2026/07/24/18582301/yusril-ke-dedi-mulyadi-jangan-buka-sayembara-tangkap-begal?utm_campaign=threads_kompascom  Yusril Ihza Mahendra mengingatkan Gubernur Jawa Barat Dedi Mulyadi agar tidak membuka sayembara penangka",kompascom,threads,4,10,0,0,80,0,0,9.4,0.19,26.07
3948004322663619240,https://www.threads.net/@dr.tirta/post/DbKIQOYElqo,"Urusan tim bola emang beda, urusan soto kita sama! Josss pak @ganjar_pranowo   Cc @paulcrl @rafipace_ @ravihakeem @stvnmhdka @psourced @shoesandcare",dr.tirta,threads,2820,126,26,49,56400,2,0,2922.31,19.5,9.63
3949566684553134714,https://www.threads.net/@dr.tirta/post/DbPrflRgcJ6,FunRun bareng @votcha.id @shoesandcare running club dan @eigeradventure tadi pagi  Mayan buat recovery 5km di pace 6.25 ✊,dr.tirta,threads,349,12,2,4,6980,1,0,358.23,2.43,-1.99
3951203399919307754,https://www.threads.net/@kompascom/post/DbVfo7PgYvq,Ada pola menarik di kalangan pekerja muda:  Beli rumah makin jauh. Nabung makin berat. Hampir semua harga naik. Tapi self-reward kecil tetap jalan.   Bukan karena boros. Tapi mungkin itulah satu-satunya cara bertahan sekaligus jadi “bukti” kalo kerja,kompascom,threads,405,12,20,39,8100,3,0,438.47,15.08,7.73
3943591253917653206,https://www.threads.net/@dr.tirta/post/Da6c1n1GVjW,Seorang pria dan kucing2 nya.,dr.tirta,threads,20897,909,435,440,417940,10,0,21779.96,211.87,8.34
3955892913649621381,https://www.threads.net/@attahalilintar/post/DbmJ6VPkhmF,Bangkit Timnasku! 🥹🇮🇩,attahalilintar,threads,64,10,0,1,1280,0,0,69.88,0.37,2.2
3944004603187644910,https://www.threads.net/@kompascom/post/Da760pVgUnu,Katanya ekonomi lg sulit tp weekend ngantri beli matcha,kompascom,threads,190,74,2,8,3800,4,0,234.62,7.33,10.97
3941757272825555774,https://www.threads.net/@dr.tirta/post/Daz71r1lGs-,"Sebagai seseorang yg bergerak di bidang usaha persepatuan dan hobi lari, maka beli sepatu tiap bulan itu wajib.  New pickup juli 2026: Saucony endorphin pro 5 Puma deviate pure nitro Puma deviate nitro 4",dr.tirta,threads,487,108,38,1,9740,0,0,561.7,11.47,12.77
3946847708212512859,https://www.threads.net/@pandji.pragiwaksono/post/DbGBRROkkhb,😂😂😂😂😂,pandji.pragiwaksono,threads,361,8,4,6,7220,0,0,369.86,2.2,10.1
3946729220886123698,https://www.threads.net/@dr.tirta/post/DbFmVDTklSy,Kaaaak maafkan saya @raisaratu_ 😭😭😭😭,dr.tirta,threads,6712,244,112,127,134240,8,0,6951.26,62.62,5.12
3950255746003898715,https://www.threads.net/@willie27_/post/DbSIKvwghFb,MAAF YA😜,willie27_,threads,167,18,5,4,3340,1,0,180.72,3.28,4.55
3956197695652234050,https://www.threads.net/@pandji.pragiwaksono/post/DbnPNfmkgNC,😂😂😂😂,pandji.pragiwaksono,threads,12432,1286,1066,1665,248640,81,0,14367.37,662.86,11.86
3942054174099908009,https://www.threads.net/@dr.tirta/post/Da0_WKskiWp,"Wis maksimal berarti emang England.  Sayang sekali, abis cetak goal nekat parkir tronton melawan argentina.  Messi kasi 2 assist, kaboom. Bledos tronton e england",dr.tirta,threads,4291,447,199,136,85820,18,0,4680.59,99.25,13.54
3956130871891936762,https://www.threads.net/@mastercorbuzier/post/DbnABFIE0X6,Sedih aku tuh… 🐷🐷🐷,mastercorbuzier,threads,201,39,1,1,4020,0,0,222.96,1.17,4.53
3946564494496034554,https://www.threads.net/@idntimes/post/DbFA395mu76,Prabowo ke Perwira Remaja: Baju yang Kau Pakai dari Rakyat https://www.idntimes.com/news/indonesia/prabowo-ke-perwira-remaja-baju-yang-kau-pakai-dari-rakyat-00-rgfwk-9jqzb5?utm_source=threads&utm_medium=threads&utm_campaign=dlvr.it,idntimes,threads,2,5,0,1,40,0,0,5.18,0.27,19.81
3948293383173338516,https://www.threads.net/@dr.tirta/post/DbLJ-m9EnWU,Suwun pakde @ganjar_pranowo 🙏🙏🙏🙏,dr.tirta,threads,361,7,0,3,7220,0,0,366.21,0.67,0.85
3951179771467088497,https://www.threads.net/@kompascom/post/DbVaRFiAUJx,"KISAH SARYAMAN, EKS KULI BANGUNAN RS FATMAWATI YANG KINI KELOLA WARUNG DI KAMPUNG ADAT KUTA  ~IQ   KOMPAS.com/ LIDIA PRATAMA FEBRIAN",kompascom,threads,43,13,8,2,860,0,0,54.32,2.55,1.58
3956154855752625417,https://www.threads.net/@tribunnews/post/DbnFeF1km0J,"Mantan Menteri Kelautan dan Perikanan RI, Susi Pudjiastuti, menyampaikan kabar duka atas wafatnya mantan suami sekaligus ayah Nadine Kaiser, Daniel Kaiser. Ia meninggal dunia di Zurich, Swiss, Senin (3/8/2026) pukul 18.20 waktu setempat.  Lewat akun ",tribunnews,threads,17,7,0,0,340,0,0,20.78,0.13,9.66
3941780725620203182,https://www.threads.net/@dr.tirta/post/Da0BK99Et6u,"Semua pelari yg bermedsos memiliki kesempatan “equal” untuk dibayar brand. Lumayan buat tambah2 networking dan income sampingan.  Sekedar barter aja menurutku dah bagus.  Tips: story telling dan karakter harus kuat.  Kalo emng fokus performance, ya f",dr.tirta,threads,1655,123,114,112,33100,4,0,1822.6,54.11,14.2
3942993135244255895,https://www.threads.net/@dr.tirta/post/Da4U12aCaKX,Kegiatan bapak2 menjelang jumatan.,dr.tirta,threads,2197,203,92,31,43940,1,0,2359.93,32.78,8.06
3951763056255380860,https://www.threads.net/@pandji.pragiwaksono/post/DbXe4_0nS18,"Kalau udah tau situasinya lagi ga bener, jangankah Presiden Republik Indonesia bikin pernyataan yang memancing kemarahan publik.  Lengkapnya, ada di #SILA yg udah rilis utk para member youtube",pandji.pragiwaksono,threads,638,133,24,42,12760,0,0,739.91,15.9,12.6
3946926290544804997,https://www.threads.net/@pandji.pragiwaksono/post/DbGTIyuksSF,👏👏👏,pandji.pragiwaksono,threads,381,6,1,1,7620,0,0,385.14,0.54,7.5
3937763864335270208,https://www.threads.net/@dr.tirta/post/Dalv18XEsFA,Quote ini beneran kalo di bisnis dan health. 🤝🤝🤝,dr.tirta,threads,993,16,8,66,19860,0,0,1036.49,14.08,3.93
3941737151851608525,https://www.threads.net/@liputan6/post/Daz3Q4uEznN,"Kejagung Terbitkan Sprindik Baru, Status Eks Jampidsus Febrie Tertulis Saksi  https://www.liputan6.com/news/read/8246972/kejagung-terbitkan-sprindik-baru-status-eks-jampidsus-febrie-tertulis-saksi?utm_source=threads&utm_medium=post&utm_campaign=threa",liputan6,threads,32,15,26,2,640,3,0,51.94,9.96,12.76
3948634081998780807,https://www.threads.net/@willie27_/post/DbMXcbdibmH,IZIN TAMPIL 🤙🏻,willie27_,threads,133,53,5,2,2660,4,0,164.67,6.59,15.0
3956704599042321690,https://www.threads.net/@attahalilintar/post/DbpCd6LEm0a,"budaya menghujat :"")",attahalilintar,threads,33,7,0,2,660,0,0,37.73,0.49,4.89
3949452508611620620,https://www.threads.net/@dr.tirta/post/DbPRiGpEi8M,Selamat @kadafimuhammad_  Menyelesaikan RoL 100km individual !  JosJis nggih. Saiki mangan daging sing okeeh.,dr.tirta,threads,586,17,4,2,11720,1,0,597.81,2.65,13.46
3940875637179499992,https://www.threads.net/@willie27_/post/DawzYMqE0XY,KASIH PAHAM 😜,willie27_,threads,256,26,0,12,5120,0,0,275.77,2.65,-5.63
3951240267525452709,https://www.threads.net/@dr.tirta/post/DbVoBa4EvOl,2026 udah mau agustus aja.,dr.tirta,threads,1854,202,15,52,37080,3,0,1994.18,19.82,11.88
3947492461883049591,https://www.threads.net/@tribunnews/post/DbIT3q4EkZ3,"Roy Suryo menyambut gembira putusan sela Pengadilan Negeri Jakarta Timur yang menerima eksepsi Dokter Tifa dalam kasus dugaan pencemaran nama baik terkait ijazah Presiden Jokowi. Dengan putusan ini, perkara dinyatakan batal demi hukum dan pemeriksaan",tribunnews,threads,135,17,1,4,2700,0,0,146.51,1.28,6.16
3945332823905587544,https://www.threads.net/@dr.tirta/post/DbAo0zRlNFY,"Uang itu bisa create problem sekaligus blessing.  Orng yg dapet uang banyak banget contohnya, pusing dengan pajak yg dibayarkan. Orng yg ga punya uang, pusing besok mau makan apa.  Tapi uang juga bisa membuat sebuah keluarga bisa hidup layak, seorang",dr.tirta,threads,2544,92,36,194,50880,3,0,2701.35,48.27,6.59
3942976917314165648,https://www.threads.net/@liputan6/post/Da4RJ2SE1uQ,Hotman Paris Beri Sinyal Dampingi Febrie Adriansyah  https://www.liputan6.com/news/read/8248199/hotman-paris-beri-sinyal-dampingi-febrie-adriansyah?utm_source=Threads&utm_medium=post&utm_campaign=Threads_dj,liputan6,threads,15,4,1,0,300,0,0,17.58,0.32,5.47
3943943478597200672,https://www.threads.net/@dr.tirta/post/Da7s7KoASsg,Tampil serius di acara khusus alumni itb1920,dr.tirta,threads,2245,110,6,3,44900,0,0,2308.34,4.1,-1.09
3940948928783105710,https://www.threads.net/@dr.tirta/post/DaxECuyEr6u,Akhirnya dokter anestesi panutan udah mulai aktif di threads @kusumandaru   Beliau sangat ramah dan hobi edukasi,dr.tirta,threads,2915,226,3,25,58300,3,0,3050.23,12.53,7.34
3956862255506377154,https://www.threads.net/@idntimes/post/DbpmUHMm8nC,KPK Sita 8.500 Dollar Singapura dari Kantor Imigrasi Jakarta Selatan https://www.idntimes.com/news/indonesia/kpk-sita-8-500-dollar-singapura-dari-kantor-imigrasi-jakarta-selatan-00-gg3v5-l91b5k?utm_source=threads&utm_medium=threads&utm_campaign=dlvr.,idntimes,threads,1,0,4,0,20,0,0,2.67,0.97,21.61
3951199323409256655,https://www.threads.net/@pandji.pragiwaksono/post/DbVetmskpDP,Ooo ini Kopdes versi New York,pandji.pragiwaksono,threads,10291,445,474,664,205820,39,0,11046.64,281.62,16.16
3945928531850661144,https://www.threads.net/@dr.tirta/post/DbCwRfiCY0Y,Rutinitas bapak2 dan kucingnya purinaindonesia proplanid,dr.tirta,threads,1928,131,66,40,38560,3,0,2045.46,28.7,5.69
3941739546304203292,https://www.threads.net/@dr.tirta/post/Daz3zuukkoc,"Ada atau tidaknya bayaran dari brand, aku ttp melakukan rutinitasku olahraga.   Jujur, performa ku pas2 an.   Ga sekekar body builder Ga sekenceng pelari ngebut Ga sekeren atlet kalistenik freestyle Ga sekuat powerlifter Usia juga 35  Jika ada brand ",dr.tirta,threads,1485,172,20,11,29700,1,0,1591.5,11.11,4.41
3948248567319957716,https://www.threads.net/@dr.tirta/post/DbK_yc8DRDU,"Dari mulut turun ke jantung, lho kok iso?",dr.tirta,threads,1873,48,501,225,37460,5,0,2216.03,167.93,6.56
3943821407591474566,https://www.threads.net/@dr.tirta/post/Da7RKzJEiWG,"Lagi negur anakku “Alfa, maen nintendo mulu dah mau 1.5 jam ini”  Alfa: “kata opa, papa dulu maen game 4 jam, tapi nilainya bagus. Kan nilaiku bagus”  Me: -……….-  Ternyata ini feeling yg dirasain bapakku. Semprol semprol",dr.tirta,threads,28029,587,378,368,560580,10,0,28679.86,178.97,14.26
3942213928679399836,https://www.threads.net/@dr.tirta/post/Da1jq5viGGc,"Sebagai fans England, gentle mengucapkan: messi itu another level! 6 piala dunia 3x masuk final Top skor pildun Top assist pildun  Edan!",dr.tirta,threads,4637,185,94,206,92740,13,0,4874.57,76.28,10.06
3948368653809000989,https://www.threads.net/@tribunnews/post/DbLbF8MkqId,"Perselisihan antara Ruben Onsu dan Sarwendah terkait hak asuh anak kini juga merambah pada persoalan nafkah anak.  Di tengah proses hukum yang masih berjalan, kuasa hukum Ruben Onsu, Minola Sebayang, mengungkap sejumlah fakta yang menurutnya perlu di",tribunnews,threads,73,5,1,1,1460,0,0,76.6,0.52,2.36
3939445402474456728,https://www.threads.net/@kapanlagicom/post/DaruLiyiSaY,"Kabar duka datang dari dunia hiburan Indonesia. Komedian dan aktor Simson Rarameha, yang lebih dikenal dengan nama Temon, dilaporkan meninggal dunia pada Minggu, 12 Juli 2026.  Segenap redaksi Kapanlagi.com mengucapkan turut berduka cita atas kepergi",kapanlagicom,threads,2328,107,22,41,46560,3,0,2414.56,17.73,10.21
3949016136780241804,https://www.threads.net/@dr.tirta/post/DbNuUDtEluM,"Akhirnya nonton Odysseus berjuang pulang di Imax.   Jujur wangun, tapi kasian ama cyclops, motone ditancep ranting 😭😭😭  Bajingak, matane anak dewa ditancep ama ranting 😭😭😭",dr.tirta,threads,3493,193,130,51,69860,7,0,3675.98,51.4,8.95
3943750168931899888,https://www.threads.net/@dr.tirta/post/Da7A-I-Epnw,Selamat coach @latiefarfn jadi bapak! @trihatimah_ jadi ibu!,dr.tirta,threads,312,1,0,5,6240,0,0,314.93,0.92,9.92
3954652994297744720,https://www.threads.net/@willie27_/post/Dbhv_IXDU1Q,Kado paling spesial,willie27_,threads,183,21,2,1,3660,0,0,195.65,1.07,2.83
3945450406436589504,https://www.threads.net/@dr.tirta/post/DbBDj2iks_A,Bajeeengukkkk trailer terbaru avenger doomsday gilaaaaaa!  🔥🔥🔥🔥🔥🔥🔥🔥🔥🔥🔥🔥,dr.tirta,threads,6481,266,93,291,129620,15,0,6802.46,94.82,7.41
3939343485249916251,https://www.threads.net/@dr.tirta/post/DarXAc-kg1b,Jude bellingham emang beneran talenta yg munculnya jarang2. Tuchel jago bener bisa maksimalkan potensi doi di pildun edisi 2026 ini,dr.tirta,threads,5672,131,13,96,113440,1,0,5794.0,23.86,6.79
3949560809718464674,https://www.threads.net/@tribunnews/post/DbPqKF6EsCi,"Jaksa Agung Sanitiar Burhanuddin menyampaikan permohonan maaf kepada seluruh masyarakat atas peristiwa hukum yang menggemparkan publik dalam kasus yang menjerat eks Jampidsus Febrie Adriansyah.  Dia menyebut, peristiwa tersebut jadi momentum bagi lem",tribunnews,threads,30,22,3,0,600,0,0,43.14,1.15,3.04
3956679138350365785,https://www.threads.net/@pandji.pragiwaksono/post/Dbo8raDknxZ,Saya mendengar mantra saya disebut di sini 😂,pandji.pragiwaksono,threads,1059,71,173,212,21180,16,0,1270.95,97.37,9.41
3942210828075107246,https://www.threads.net/@kompascom/post/Da1i9yFHYOu,"KISAH MUHAMMAD, REMAJA PUTUS SEKOLAH JUALAN ROTI DAN MELUKIS DEMI HIDUPI IBU  📸Kompas.com/Ridho Danu Prasetyo",kompascom,threads,3175,81,31,254,63500,7,0,3352.95,61.59,9.22
3940722084523703997,https://www.threads.net/@dr.tirta/post/DawQdtmkn69,"Baik2 deh yg jalurnya lewat tendean jakarta, hari2 dah macet ditambah JPO roboh ditabrak truk bawa crane.  Kesalahan 1 orang, gawe repot wong okeh tenan.",dr.tirta,threads,3747,112,47,39,74940,2,0,3845.77,22.54,8.28
3945939848049872546,https://www.threads.net/@tribunnews/post/DbCy2KkEk6i,"Aktor Indra Bruggman sempat didiagnosa mengidap sakit tiroid  Penyakit ini terjadi ketika kelenjar tidak berfungsi normal, baik karena produksi hormon yang terlalu banyak atau terlalu sedikit, atau karena perubahan bentuk kelenjar  Penampilan Indra B",tribunnews,threads,6,1,1,0,120,0,0,6.96,0.26,2.81
